N,Title,PDF URL,Erschienen,Nummer,Ordnung,Auslaufen,Version,Studiengang,AbschlussArt
1,Studien- und Prüfungsordnung Zahnmedizin,https://www.rwth-aachen.de/global/show_document.asp?id=aaaaaaaacttlkav,14.02.2025,2025/030,Berichtigung der 1. Änderungsordnung (Gesamtfassung),,,Comp. Aided Conception/Production in Mech. Engin. (privatrechtlich),
2,"Prüfungsordnung Unterrichtsfach Mathematik, Lehramt an Berufskollegs, Bachelor, (10/2019)",https://www.rwth-aachen.de/global/show_document.asp?id=aaaaaaaactuwwnz,14.02.2025,2025/029,3. Änderungsordnung (Gesamtfassung),30.09.2026,2019,Comp. Aided Conception/Production in Mech. Engin. (privatrechtlich),
3,"Prüfungsordnung Unterrichtsfach Mathematik, Lehramt an Gymnasien und Gesamtschulen, Master, (10/2017)",https://www.rwth-aachen.de/global/show_document.asp?id=aaaaaaaacttlapb,14.02.2025,2025/028,3. Änderungsordnung (Gesamtfassung),,2017,Comp. Aided Conception/Production in Mech. Engin. (privatrechtlich),
4,"Prüfungsordnung Unterrichtsfach Mathematik, Bachelor, Lehramt an Berufskollegs, (10/2021)",https://www.rwth-aachen.de/global/show_document.asp?id=aaaaaaaacttkyta,14.02.2025,2025/027,2. Änderungsordnung (Gesamtfassung),,2021,Comp. Aided Conception/Production in Mech. Engin. (privatrechtlich),
5,"Prüfungsordnung Unterrichtsfach Mathematik, Bachelor, Lehramt an Gymnasien und Gesamtschulen, (10/2021)",https://www.rwth-aachen.de/global/show_document.asp?id=aaaaaaaacttkuqb,14.02.2025,2025/026,2. Änderungsordnung (Gesamtfassung),,2021,Comp. Aided Conception/Production in Mech. Engin. (privatrechtlich),
6,"Prüfungsordnung Unterrichtsfach Mathematik, Lehramt an Gymnasien und Gesamtschulen, Bachelor, (10/2019)",https://www.rwth-aachen.de/global/show_document.asp?id=aaaaaaaacttksxt,14.02.2025,2025/025,3. Änderungsordnung (Gesamtfassung),30.09.2026,2019,Comp. Aided Conception/Production in Mech. Engin. (privatrechtlich),
7,"Prüfungsordnung Unterrichtsfach Mathematik, Lehramt an Berufskollegs, Master, (10/2017)",https://www.rwth-aachen.de/global/show_document.asp?id=aaaaaaaacttkqtd,14.02.2025,2025/024,3. Änderungsordnung (Gesamtfassung),,2017,Comp. Aided Conception/Production in Mech. Engin. (privatrechtlich),
8,Auswahlkriterien für das Auswahlverfahren in dem örtlich zulassungsbeschränkten Masterstudiengang Battery Science and Technology in Engineering,https://www.rwth-aachen.de/global/show_document.asp?id=aaaaaaaacttkpwu,14.02.2025,2025/023,Berichtigung der Ordnung,,,Comp. Aided Conception/Production in Mech. Engin. (privatrechtlich),
9,Promotionsordnung Fakultät Bauingenieurwesen,https://www.rwth-aachen.de/global/show_document.asp?id=aaaaaaaacttkoie,14.02.2025,2025/022,7. Änderungsordnung (Gesamtfassung),,,Comp. Aided Conception/Production in Mech. Engin. (privatrechtlich),
10,"Prüfungsordnung Computational Social Systems, Master (10/2021)",https://www.rwth-aachen.de/global/show_document.asp?id=aaaaaaaacttklmi,14.02.2025,2025/021,2. Änderungsordnung (Gesamtfassung),,2021,Comp. Aided Conception/Production in Mech. Engin. (privatrechtlich),
11,Satzung der Studierendenschaft,https://www.rwth-aachen.de/global/show_document.asp?id=aaaaaaaacttkhce,14.02.2025,2025/020,25. Änderungsordnung (Gesamtfassung),,,Comp. Aided Conception/Production in Mech. Engin. (privatrechtlich),
12,Finanzordnung der Studierendenschaft,https://www.rwth-aachen.de/global/show_document.asp?id=aaaaaaaacttkess,14.02.2025,2025/019,26. Änderungsordnung (Gesamtfassung),,,Comp. Aided Conception/Production in Mech. Engin. (privatrechtlich),
13,Richtlinien für die Beschäftigung und Vergütung wissenschaftlicher und studentischer Hilfskräfte,https://www.rwth-aachen.de/global/show_document.asp?id=aaaaaaaacttjxaz,14.02.2025,2025/018,10. Änderungsordnung (Gesamtfassung),,,Comp. Aided Conception/Production in Mech. Engin. (privatrechtlich),
14,"Prüfungsordnung Georessourcenmanagement, Bachelor, (10/2019)",https://www.rwth-aachen.de/global/show_document.asp?id=aaaaaaaacttjvoo,14.02.2025,2025/017,Ordnung,,2019,Comp. Aided Conception/Production in Mech. Engin. (privatrechtlich),
15,"Übergreifende Prüfungsordnung, Master, Lehramt an Gymnasien und Gesamtschulen sowie Berufskollegs (10/2017)",https://www.rwth-aachen.de/global/show_document.asp?id=aaaaaaaacttjoje,14.02.2025,2025/016,15. Änderungsordnung (Gesamtfassung),,2017,Comp. Aided Conception/Production in Mech. Engin. (privatrechtlich),
16,"Übergreifende Prüfungsordnung, Bachelor, Lehramt an Gymnasien und Gesamtschulen sowie Berufskollegs (10/2011)",https://www.rwth-aachen.de/global/show_document.asp?id=aaaaaaaacttjmmv,14.02.2025,2025/015,18. Änderungsordnung (Gesamtfassung),,2011,Comp. Aided Conception/Production in Mech. Engin. (privatrechtlich),
17,"Übergreifende Prüfungsordnung, Bachelor und Master (10/2015)",https://www.rwth-aachen.de/global/show_document.asp?id=aaaaaaaacttjkty,14.02.2025,2025/014,18. Änderungsordnung (Gesamtfassung),,2015,Comp. Aided Conception/Production in Mech. Engin. (privatrechtlich),
18,"Prüfungsordnung Umweltingenieurwissenschaften, Master, (10/2019)",https://www.rwth-aachen.de/global/show_document.asp?id=aaaaaaaactntsuf,07.02.2025,2025/013,7. Änderungsordnung (Gesamtfassung),,2019,Comp. Aided Conception/Production in Mech. Engin. (privatrechtlich),
19,"Prüfungsordnung Umweltingenieurwissenschaften, Bachelor, (10/2019)",https://www.rwth-aachen.de/global/show_document.asp?id=aaaaaaaactntqyb,07.02.2025,2025/012,5. Änderungsordnung (Gesamtfassung),,2019,Comp. Aided Conception/Production in Mech. Engin. (privatrechtlich),
20,"Prüfungsordnung Wirtschaftsingenieurwesen (Fachrichtung Bauingenieurwesen), Master, (10/2015 s)",https://www.rwth-aachen.de/global/show_document.asp?id=aaaaaaaactntive,07.02.2025,2025/011,12. Änderungsordnung (Gesamtfassung),,2015 s,Comp. Aided Conception/Production in Mech. Engin. (privatrechtlich),
21,"Prüfungsordnung Bauingenieurwesen mit Orientierungssemester, Teilstudiengang Bauingenieurwesen Plus, Bachelor, (04/2020)",https://www.rwth-aachen.de/global/show_document.asp?id=aaaaaaaactjfpls,03.02.2025,2025/010,4. Änderungsordnung (Gesamtfassung),,2020,Comp. Aided Conception/Production in Mech. Engin. (privatrechtlich),
22,"Prüfungsordnung Biomedical Engineering, Master, (10/2025)",https://www.rwth-aachen.de/global/show_document.asp?id=aaaaaaaactegezm,28.01.2025,2025/009,Berichtigung der Ordnung,,2025,Comp. Aided Conception/Production in Mech. Engin. (privatrechtlich),
23,"Prüfungsordnung Sustainable Management - Water and Energy, Master, (10/2017)",https://www.rwth-aachen.de/global/show_document.asp?id=aaaaaaaactefyiu,28.01.2025,2025/008,5. Änderungsordnung (Gesamtfassung),,2017,Comp. Aided Conception/Production in Mech. Engin. (privatrechtlich),
24,"Prüfungsordnung Verkehrsingenieurwesen und Mobilität, Master, (10/2019)",https://www.rwth-aachen.de/global/show_document.asp?id=aaaaaaaactajejg,22.01.2025,2025/007,9. Änderungsordnung (Gesamtfassung),,2019,Comp. Aided Conception/Production in Mech. Engin. (privatrechtlich),
25,"Prüfungsordnung Bauingenieurwesen, Master, (04/2021)",https://www.rwth-aachen.de/global/show_document.asp?id=aaaaaaaactaitqs,22.01.2025,2025/006,8. Änderungsordnung (Gesamtfassung),,2021,Comp. Aided Conception/Production in Mech. Engin. (privatrechtlich),
26,"Prüfungsordnung Verkehrsingenieurwesen und Mobilität, Bachelor, (10/2019)",https://www.rwth-aachen.de/global/show_document.asp?id=aaaaaaaactaietq,22.01.2025,2025/005,7. Änderungsordnung (Gesamtfassung),,2019,Comp. Aided Conception/Production in Mech. Engin. (privatrechtlich),
27,"Prüfungsordnung Bauingenieurwesen, Bachelor, (10/2020)",https://www.rwth-aachen.de/global/show_document.asp?id=aaaaaaaactadvfa,22.01.2025,2025/004,5. Änderungsordnung (Gesamtfassung),,2020,Comp. Aided Conception/Production in Mech. Engin. (privatrechtlich),
28,"Fachschaftsordnung 5/1 Bergbau, Energie und Recycling",https://www.rwth-aachen.de/global/show_document.asp?id=aaaaaaaacsnblcj,06.01.2025,2024/168,3. Änderungsordnung (Gesamtfassung),,,Comp. Aided Conception/Production in Mech. Engin. (privatrechtlich),
29,"Prüfungsordnung Wirtschaftsingenieurwesen Fachrichtung Werkstoff- und Prozesstechnik, Bachelor",https://www.rwth-aachen.de/global/show_document.asp?id=aaaaaaaacskhgsz,20.12.2024,2024/167,Ordnung,,,Comp. Aided Conception/Production in Mech. Engin. (privatrechtlich),
30,"Prüfungsordnung Wirtschaftsingenieurwesen Fachrichtung Bauingenieurwesen, Bachelor",https://www.rwth-aachen.de/global/show_document.asp?id=aaaaaaaacskhfqc,20.12.2024,2024/166,Ordnung,,,Comp. Aided Conception/Production in Mech. Engin. (privatrechtlich),
31,"Prüfungsordnung Wirtschaftsingenieurwesen Fachrichtung Elektrische Energietechnik, Bachelor",https://www.rwth-aachen.de/global/show_document.asp?id=aaaaaaaacskhesq,20.12.2024,2024/165,Ordnung,,,Comp. Aided Conception/Production in Mech. Engin. (privatrechtlich),
32,"Prüfungsordnung Unterrichtsfach Biologie, Lehramt an Berufskollegs, Bachelor, (10/2024)",https://www.rwth-aachen.de/global/show_document.asp?id=aaaaaaaacskhdok,20.12.2024,2024/164,1. Änderungsordnung (Gesamtfassung),,2024,Comp. Aided Conception/Production in Mech. Engin. (privatrechtlich),
33,"Prüfungsordnung Unterrichtsfach Biologie, Lehramt an Gymnasien und Gesamtschulen, Bachelor, (10/2024)",https://www.rwth-aachen.de/global/show_document.asp?id=aaaaaaaacskhbew,20.12.2024,2024/163,1. Änderungsordnung (Gesamtfassung),,2024,Comp. Aided Conception/Production in Mech. Engin. (privatrechtlich),
34,Beitragsordnung der Studierendenschaft,https://www.rwth-aachen.de/global/show_document.asp?id=aaaaaaaacskgysj,20.12.2024,2024/162,25. Änderungsordnung (Gesamtfassung),,,Comp. Aided Conception/Production in Mech. Engin. (privatrechtlich),
35,"Prüfungsordnung Wirtschaftsingenieurwesen (Fachrichtung Maschinenbau), Master, (10/2020)",https://www.rwth-aachen.de/global/show_document.asp?id=aaaaaaaacskguvm,20.12.2024,2024/161,3. Änderungsordnung (Gesamtfassung),,2020,Comp. Aided Conception/Production in Mech. Engin. (privatrechtlich),
36,"Prüfungsordnung Wirtschaftsingenieurwesen Fachrichtung Maschinenbau, Bachelor, (10/2020)",https://www.rwth-aachen.de/global/show_document.asp?id=aaaaaaaacskgqyv,20.12.2024,2024/160,3. Änderungsordnung (Gesamtfassung),,2020,Comp. Aided Conception/Production in Mech. Engin. (privatrechtlich),
37,"Prüfungsordnung Unterrichtsfach Chemie, Lehramt an Berufskollegs, Master, (10/2017)",https://www.rwth-aachen.de/global/show_document.asp?id=aaaaaaaacsjeekg,19.12.2024,2024/159,3. Änderungsordnung (Gesamtfassung),,2017,Comp. Aided Conception/Production in Mech. Engin. (privatrechtlich),
38,"Prüfungsordnung Unterrichtsfach Chemie, Lehramt an Gymnasien und Gesamtschulen, Master, (10/2017)",https://www.rwth-aachen.de/global/show_document.asp?id=aaaaaaaacsjdwus,19.12.2024,2024/158,3. Änderungsordnung (Gesamtfassung),,2017,Comp. Aided Conception/Production in Mech. Engin. (privatrechtlich),
39,"Prüfungsordnung Unterrichtsfach Chemie, Lehramt an Gymnasien und Gesamtschulen, Bachelor, (10/2011 s)",https://www.rwth-aachen.de/global/show_document.asp?id=aaaaaaaacsjchmp,19.12.2024,2024/157,2. Änderungsordnung (Gesamtfassung),,2011 s,Comp. Aided Conception/Production in Mech. Engin. (privatrechtlich),
40,"Prüfungsordnung Unterrichtsfach Chemie, Lehramt an Berufskollegs, Bachelor, (10/2011 s)",https://www.rwth-aachen.de/global/show_document.asp?id=aaaaaaaacsjcefc,19.12.2024,2024/156,2. Änderungsordnung (Gesamtfassung),,2011 s,Comp. Aided Conception/Production in Mech. Engin. (privatrechtlich),
41,"Prüfungsordnung Klinische Psychologie und Psychotherapie, Master (10/2022)",https://www.rwth-aachen.de/global/show_document.asp?id=aaaaaaaacshdaxm,17.12.2024,2024/155,2. Änderungsordnung (Gesamtfassung),,2022,Comp. Aided Conception/Production in Mech. Engin. (privatrechtlich),
42,Digitallehrkonzept der Philosophischen Fakultät,https://www.rwth-aachen.de/global/show_document.asp?id=aaaaaaaacshcuop,17.12.2024,2024/154,Sonstiges,,,Comp. Aided Conception/Production in Mech. Engin. (privatrechtlich),
43,"Prüfungsordnung Soziologie mit dem Schwerpunkt Technikforschung, Bachelor, (10/2024)",https://www.rwth-aachen.de/global/show_document.asp?id=aaaaaaaacshcnmf,17.12.2024,2024/153,Berichtigung der Ordnung,,2024,Comp. Aided Conception/Production in Mech. Engin. (privatrechtlich),
44,"Fakultätsordnung, Philosophische Fakultät",https://www.rwth-aachen.de/global/show_document.asp?id=aaaaaaaacshdwqy,17.12.2024,2024/152,7. Änderungsordnung (Gesamtfassung),,,Comp. Aided Conception/Production in Mech. Engin. (privatrechtlich),
45,"Prüfungsordnung Biomedical Engineering, Master, (10/2025)",https://www.rwth-aachen.de/global/show_document.asp?id=aaaaaaaacscqwnu,13.12.2024,2024/151,Ordnung,,2025,Comp. Aided Conception/Production in Mech. Engin. (privatrechtlich),
46,Auswahlkriterien für das Auswahlverfahren in dem örtlich zulassungsbeschränkten Masterstudiengang Battery Science and Technology in Engineering,https://www.rwth-aachen.de/global/show_document.asp?id=aaaaaaaacrujutz,03.12.2024,2024/150,Ordnung,,,Comp. Aided Conception/Production in Mech. Engin. (privatrechtlich),
47,"Prüfungsordnung Data Science, Master, (10/2018)",https://www.rwth-aachen.de/global/show_document.asp?id=aaaaaaaacrqhthv,27.11.2024,2024/149,5. Änderungsordnung (Gesamtfassung),,2018,Comp. Aided Conception/Production in Mech. Engin. (privatrechtlich),
48,"Prüfungsordnung Human-Centered Intelligent Systems, Master, (10/2025)",https://www.rwth-aachen.de/global/show_document.asp?id=aaaaaaaacromwuf,25.11.2024,2024/148,Ordnung,,2025,Comp. Aided Conception/Production in Mech. Engin. (privatrechtlich),
49,"Prüfungsordnung berufliche Fachrichtung Wirtschaftswissenschaft, Bachelor, Lehramt an Berufskollegs, (10/2011 s)",https://www.rwth-aachen.de/global/show_document.asp?id=aaaaaaaacrfnebn,13.11.2024,2024/141,3. Änderungsordnung (Gesamtfassung),,2011 s,Comp. Aided Conception/Production in Mech. Engin. (privatrechtlich),
50,"Prüfungsordnung Software Systems Engineering, Master, (10/2025)",https://www.rwth-aachen.de/global/show_document.asp?id=aaaaaaaacrexfbh,12.11.2024,2024/140,Berichtigung der Ordnung,,2025,Comp. Aided Conception/Production in Mech. Engin. (privatrechtlich),
51,"Prüfungsordnung Software Systems Engineering, Master, (10/2011)",https://www.rwth-aachen.de/global/show_document.asp?id=aaaaaaaacrewzza,12.11.2024,2024/139,Berichtigung der 5. Änderungsordnung (Gesamtfassung),30.09.2027,2011,Comp. Aided Conception/Production in Mech. Engin. (privatrechtlich),
52,"Prüfungsordnung Informatik, Master, (10/2023)",https://www.rwth-aachen.de/global/show_document.asp?id=aaaaaaaacrewyds,12.11.2024,2024/138,Berichtigung der 2. Änderungsordnung (Gesamtfassung),,2023,Comp. Aided Conception/Production in Mech. Engin. (privatrechtlich),
53,"Prüfungsordnung Informatik, Master, (10/2010 s)",https://www.rwth-aachen.de/global/show_document.asp?id=aaaaaaaacrewwlf,12.11.2024,2024/137,Berichtigung der 10. Änderungsordnung (Gesamtfassung),31.03.2026,2010 s,Comp. Aided Conception/Production in Mech. Engin. (privatrechtlich),
54,"Prüfungsordnung Fahrzeugtechnik und Transport, Master, (10/2020)",https://www.rwth-aachen.de/global/show_document.asp?id=aaaaaaaacqvjlsz,31.10.2024,2024/136,2. Änderungsordnung (Gesamtfassung),,2020,Comp. Aided Conception/Production in Mech. Engin. (privatrechtlich),
55,"Prüfungsordnung Produktentwicklung, Master, (04/2020)",https://www.rwth-aachen.de/global/show_document.asp?id=aaaaaaaacqvixpb,31.10.2024,2024/135,3. Änderungsordnung (Gesamtfassung),,2020,Comp. Aided Conception/Production in Mech. Engin. (privatrechtlich),
56,"Prüfungsordnung Produktionstechnik, Master, (04/2011 s)",https://www.rwth-aachen.de/global/show_document.asp?id=aaaaaaaacqvhclj,31.10.2024,2024/134,10. Änderungsordnung (Gesamtfassung),,2011 s,Comp. Aided Conception/Production in Mech. Engin. (privatrechtlich),
57,"Prüfungsordnung Allgemeiner Maschinenbau, Master, (04/2011 s)",https://www.rwth-aachen.de/global/show_document.asp?id=aaaaaaaacqtbmii,29.10.2024,2024/133,10. Änderungsordnung (Gesamtfassung),,2011 s,Comp. Aided Conception/Production in Mech. Engin. (privatrechtlich),
58,"Prüfungsordnung Energietechnik, Master, (10/2020)",https://www.rwth-aachen.de/global/show_document.asp?id=aaaaaaaacqtawie,29.10.2024,2024/132,2. Änderungsordnung (Gesamtfassung),,2020,Comp. Aided Conception/Production in Mech. Engin. (privatrechtlich),
59,"Prüfungsordnung Kunststoff- und Textiltechnik, Master, (04/2011 s)",https://www.rwth-aachen.de/global/show_document.asp?id=aaaaaaaacqrpogp,28.10.2024,2024/131,8. Änderungsordnung (Gesamtfassung),,2011 s,Comp. Aided Conception/Production in Mech. Engin. (privatrechtlich),
60,"Prüfungsordnung Luft- und Raumfahrttechnik, Master, (04/2011 s)",https://www.rwth-aachen.de/global/show_document.asp?id=aaaaaaaacqroljh,28.10.2024,2024/130,7. Änderungsordnung (Gesamtfassung),,2011 s,Comp. Aided Conception/Production in Mech. Engin. (privatrechtlich),
61,Digitallehrkonzept der Fakultät für Maschinenwesen,https://www.rwth-aachen.de/global/show_document.asp?id=aaaaaaaacqjjxzv,17.10.2024,2024/129,Sonstiges,,,Comp. Aided Conception/Production in Mech. Engin. (privatrechtlich),
62,Fachschaftszuordnungsordnung der Studierendenschaft,https://www.rwth-aachen.de/global/show_document.asp?id=aaaaaaaacqjizlj,17.10.2024,2024/128,8. Änderungsordnung (Gesamtfassung),,,Comp. Aided Conception/Production in Mech. Engin. (privatrechtlich),
63,"Prüfungsordnung Verfahrenstechnik, Master, (04/2011 s)",https://www.rwth-aachen.de/global/show_document.asp?id=aaaaaaaacqjisqu,17.10.2024,2024/127,10. Änderungsordnung (Gesamtfassung),,2011 s,Comp. Aided Conception/Production in Mech. Engin. (privatrechtlich),
64,"Prüfungsordnung Automotive Engineering, Master, (10/2020)",https://www.rwth-aachen.de/global/show_document.asp?id=aaaaaaaacqjhfjg,17.10.2024,2024/126,1. Änderungsordnung (Gesamtfassung),,2020,Comp. Aided Conception/Production in Mech. Engin. (privatrechtlich),
65,"Prüfungsordnung Media Informatics, Master, (10/2019)",https://www.rwth-aachen.de/global/show_document.asp?id=aaaaaaaacpysbox,08.10.2024,2024/125,3. Änderungsordnung (Gesamtfassung),30.09.2028,2019,Comp. Aided Conception/Production in Mech. Engin. (privatrechtlich),
66,Studien- und Prüfungsordnung Zahnmedizin,https://www.rwth-aachen.de/global/show_document.asp?id=aaaaaaaacprhuxw,30.09.2024,2024/124,1. Änderungsordnung (Gesamtfassung),,,Comp. Aided Conception/Production in Mech. Engin. (privatrechtlich),
67,"Studien- und Prüfungsordnung, Medizin, Modellstudiengang",https://www.rwth-aachen.de/global/show_document.asp?id=aaaaaaaacpojoah,25.09.2024,2024/123,6. Änderungsordnung (Gesamtfassung),,,Comp. Aided Conception/Production in Mech. Engin. (privatrechtlich),
68,"Prüfungsordnung Betriebswirtschaftslehre (Business Administration), Master, (10/2021)",https://www.rwth-aachen.de/global/show_document.asp?id=aaaaaaaacpojcgs,25.09.2024,2024/122,3. Änderungsordnung (Gesamtfassung),,2021,Comp. Aided Conception/Production in Mech. Engin. (privatrechtlich),
69,"Prüfungsordnung Wirtschaftswissenschaft, Master, (10/2014 s)",https://www.rwth-aachen.de/global/show_document.asp?id=aaaaaaaacpoiylh,25.09.2024,2024/121,10. Änderungsordnung (Gesamtfassung),,2014 s,Comp. Aided Conception/Production in Mech. Engin. (privatrechtlich),
70,"Prüfungsordnung Informatik, Master, (10/2023)",https://www.rwth-aachen.de/global/show_document.asp?id=aaaaaaaacpmybwn,24.09.2024,2024/119,2. Änderungsordnung (Gesamtfassung),,2023,Comp. Aided Conception/Production in Mech. Engin. (privatrechtlich),
71,"Prüfungsordnung Informatik, Master, (10/2010 s)",https://www.rwth-aachen.de/global/show_document.asp?id=aaaaaaaacpmxxls,24.09.2024,2024/118,10. Änderungsordnung (Gesamtfassung),31.03.2026,2010 s,Comp. Aided Conception/Production in Mech. Engin. (privatrechtlich),
72,"Prüfungsordnung Informatik, Bachelor, (10/2018)",https://www.rwth-aachen.de/global/show_document.asp?id=aaaaaaaacpmxvci,24.09.2024,2024/117,4. Änderungsordnung (Gesamtfassung),30.09.2026,2018,Comp. Aided Conception/Production in Mech. Engin. (privatrechtlich),
73,"Prüfungsordnung Informatik, Bachelor, (10/2022)",https://www.rwth-aachen.de/global/show_document.asp?id=aaaaaaaacpmxsvv,24.09.2024,2024/116,3. Änderungsordnung (Gesamtfassung),,2022,Comp. Aided Conception/Production in Mech. Engin. (privatrechtlich),
74,"Prüfungsordnung Maschinenbau, Bachelor, (10/2011 s)",https://www.rwth-aachen.de/global/show_document.asp?id=aaaaaaaacpmuwrp,24.09.2024,2024/115,9. Änderungsordnung (Gesamtfassung),,2011 s,Comp. Aided Conception/Production in Mech. Engin. (privatrechtlich),
75,"Prüfungsordnung Software Systems Engineering, Master, (10/2011)",https://www.rwth-aachen.de/global/show_document.asp?id=aaaaaaaacpcajbk,13.09.2024,2024/113,5. Änderungsordnung (Gesamtfassung),30.09.2027,2011,Comp. Aided Conception/Production in Mech. Engin. (privatrechtlich),
76,Gleichstellungsquote für Berufungen mit und ohne Tenure Track,https://www.rwth-aachen.de/global/show_document.asp?id=aaaaaaaacpawijj,12.09.2024,2024/112,Sonstiges,30.09.2027,,Comp. Aided Conception/Production in Mech. Engin. (privatrechtlich),
77,"Prüfungsordnung Master of Science in Management and Engineering in Technology, Innovation, Marketing and Entrepreneurship (MME-TIME), Master, (10/2025)",https://www.rwth-aachen.de/global/show_document.asp?id=aaaaaaaacoyqevh,10.09.2024,2024/111,Ordnung,,2025,Comp. Aided Conception/Production in Mech. Engin. (privatrechtlich),
78,Digitallehrkonzept der Fakultät für Architektur,https://www.rwth-aachen.de/global/show_document.asp?id=aaaaaaaacoyptps,10.09.2024,2024/110,Sonstiges,,,Comp. Aided Conception/Production in Mech. Engin. (privatrechtlich),
79,"Prüfungsordnung Georessourcenmanagement, Master, (10/2019)",https://www.rwth-aachen.de/global/show_document.asp?id=aaaaaaaacoyopls,10.09.2024,2024/109,6. Änderungsordnung (Gesamtfassung),,2019,Comp. Aided Conception/Production in Mech. Engin. (privatrechtlich),
80,"Prüfungsordnung Angewandte Geowissenschaften, Master, (10/2019)",https://www.rwth-aachen.de/global/show_document.asp?id=aaaaaaaacoyodmw,10.09.2024,2024/108,6. Änderungsordnung (Gesamtfassung),,2019,Comp. Aided Conception/Production in Mech. Engin. (privatrechtlich),
81,"Prüfungsordnung Georessourcenmanagement, Bachelor, (10/2019)",https://www.rwth-aachen.de/global/show_document.asp?id=aaaaaaaacoynjdz,10.09.2024,2024/107,5. Änderungsordnung (Gesamtfassung),,2019,Comp. Aided Conception/Production in Mech. Engin. (privatrechtlich),
82,"Prüfungsordnung Angewandte Geowissenschaften, Bachelor, (10/2019)",https://www.rwth-aachen.de/global/show_document.asp?id=aaaaaaaacoymyfz,10.09.2024,2024/106,5. Änderungsordnung (Gesamtfassung),,2019,Comp. Aided Conception/Production in Mech. Engin. (privatrechtlich),
83,"Prüfungsordnung Management Science and Mathematics, Master, (10/2024)",https://www.rwth-aachen.de/global/show_document.asp?id=aaaaaaaacqxplio,04.09.2024,2024/105,Berichtigung der Ordnung,,2024,Comp. Aided Conception/Production in Mech. Engin. (privatrechtlich),
84,"Prüfungsordnung Applied Health Informatics and Digital Medicine (AHI), Master, (10/2024)",https://www.rwth-aachen.de/global/show_document.asp?id=aaaaaaaacogyajc,22.08.2024,2024/100,1. Änderungsordnung (Gesamtfassung),,2024,Comp. Aided Conception/Production in Mech. Engin. (privatrechtlich),
85,"Prüfungsordnung Applied Geophysics, Master, (10/2019)",https://www.rwth-aachen.de/global/show_document.asp?id=aaaaaaaacogxfoc,22.08.2024,2024/099,4. Änderungsordnung (Gesamtfassung),,2019,Comp. Aided Conception/Production in Mech. Engin. (privatrechtlich),
86,"Prüfungsordnung Data Analytics and Decision Science, Master, (10/2025)",https://www.rwth-aachen.de/global/show_document.asp?id=aaaaaaaacockuau,19.08.2024,2024/098,Ordnung,,2025,Comp. Aided Conception/Production in Mech. Engin. (privatrechtlich),
87,"Prüfungsordnung Executive Master of Business Administration (EMBA), Master, (10/2021)",https://www.rwth-aachen.de/global/show_document.asp?id=aaaaaaaacoapzmc,15.08.2024,2024/097,5. Änderungsordnung (Gesamtfassung),,2021,Comp. Aided Conception/Production in Mech. Engin. (privatrechtlich),
88,Promotionsordnung Fakultät Architektur,https://www.rwth-aachen.de/global/show_document.asp?id=aaaaaaaacoapdvx,15.08.2024,2024/096,5. Änderungsordnung (Gesamtfassung),,,Comp. Aided Conception/Production in Mech. Engin. (privatrechtlich),
89,"Prüfungsordnung Unterrichtsfach Biologie, Lehramt an Berufskollegs, Master, (10/2025)",https://www.rwth-aachen.de/global/show_document.asp?id=aaaaaaaacnrlvrw,01.08.2024,2024/095,Ordnung,,2025,Comp. Aided Conception/Production in Mech. Engin. (privatrechtlich),
90,"Prüfungsordnung Unterrichtsfach Biologie, Lehramt an Gymnasien und Gesamtschulen, Master, (10/2025)",https://www.rwth-aachen.de/global/show_document.asp?id=aaaaaaaacnrldtv,01.08.2024,2024/094,Ordnung,,2025,Comp. Aided Conception/Production in Mech. Engin. (privatrechtlich),
91,"Prüfungsordnung Biowissenschaften, Master, (10/2025)",https://www.rwth-aachen.de/global/show_document.asp?id=aaaaaaaacnoxazt,29.07.2024,2024/093,Ordnung,,2025,Comp. Aided Conception/Production in Mech. Engin. (privatrechtlich),
92,"Prüfungsordnung Nachhaltige Biotechnologie, Master, (10/2025)",https://www.rwth-aachen.de/global/show_document.asp?id=aaaaaaaacnowxdf,29.07.2024,2024/092,Ordnung,,2025,Comp. Aided Conception/Production in Mech. Engin. (privatrechtlich),
93,"Prüfungsordnung Transforming City Regions, Master, (10/2019)",https://www.rwth-aachen.de/global/show_document.asp?id=aaaaaaaacnotfhm,29.07.2024,2024/091,4. Änderungsordnung (Gesamtfassung),,2019,Comp. Aided Conception/Production in Mech. Engin. (privatrechtlich),
94,"Prüfungsordnung Stadtplanung, Master, (10/2019)",https://www.rwth-aachen.de/global/show_document.asp?id=aaaaaaaacnmucjm,25.07.2024,2024/090,7. Änderungsordnung (Gesamtfassung),,2019,Comp. Aided Conception/Production in Mech. Engin. (privatrechtlich),
95,"Prüfungsordnung Molekulare und Angewandte Biotechnologie, Bachelor, (10/2024)",https://www.rwth-aachen.de/global/show_document.asp?id=aaaaaaaacnmsujl,25.07.2024,2024/089,2. Änderungsordnung (Gesamtfassung),,2024,Comp. Aided Conception/Production in Mech. Engin. (privatrechtlich),
96,"Prüfungsordnung Biologie, Bachelor, (10/2024)",https://www.rwth-aachen.de/global/show_document.asp?id=aaaaaaaacnmugec,25.07.2024,2024/088,2. Änderungsordnung (Gesamtfassung),,2024,Comp. Aided Conception/Production in Mech. Engin. (privatrechtlich),
97,"Prüfungsordnung Architektur, Master, (10/2019)",https://www.rwth-aachen.de/global/show_document.asp?id=aaaaaaaacnlfska,24.07.2024,2024/087,9. Änderungsordnung (Gesamtfassung),,2019,Comp. Aided Conception/Production in Mech. Engin. (privatrechtlich),
98,"Prüfungsordnung Architektur, Bachelor, (10/2019)",https://www.rwth-aachen.de/global/show_document.asp?id=aaaaaaaacnlfkab,24.07.2024,2024/086,6. Änderungsordnung (Gesamtfassung),,2019,Comp. Aided Conception/Production in Mech. Engin. (privatrechtlich),
99,Auswahlkriterien für das Auswahlverfahren in dem örtlich zulassungsbeschränkten Bachelorstudiengang Psychologie (polyvalent),https://www.rwth-aachen.de/global/show_document.asp?id=aaaaaaaacnlfdbh,24.07.2024,2024/085,Ordnung,,,Comp. Aided Conception/Production in Mech. Engin. (privatrechtlich),
100,"Prüfungsordnung Logopädie, Modellstudiengang, Bachelor, (10/2012 s)",https://www.rwth-aachen.de/global/show_document.asp?id=aaaaaaaacnimekr,23.07.2024,2024/084,2. Änderungsordnung (Gesamtfassung),30.09.2029,2012 s,Comp. Aided Conception/Production in Mech. Engin. (privatrechtlich),
101,"Prüfungsordnung Lehr- und Forschungslogopädie, Master, (10/2019)",https://www.rwth-aachen.de/global/show_document.asp?id=aaaaaaaacniltev,23.07.2024,2024/083,2. Änderungsordnung (Gesamtfassung),,2019,Comp. Aided Conception/Production in Mech. Engin. (privatrechtlich),
102,"Prüfungsordnung Biologie, Master, (10/2016)",https://www.rwth-aachen.de/global/show_document.asp?id=aaaaaaaacnilljb,23.07.2024,2024/082,8. Änderungsordnung (Gesamtfassung),31.03.2029,2016,Comp. Aided Conception/Production in Mech. Engin. (privatrechtlich),
103,"Prüfungsordnung Molekulare und Angewandte Biotechnologie, Master, (10/2017)",https://www.rwth-aachen.de/global/show_document.asp?id=aaaaaaaacnikvte,23.07.2024,2024/081,7. Änderungsordnung (Gesamtfassung),31.03.2029,2017,Comp. Aided Conception/Production in Mech. Engin. (privatrechtlich),
104,"Prüfungsordnung Biomedical Engineering, Master, (10/2015)",https://www.rwth-aachen.de/global/show_document.asp?id=aaaaaaaacnihfun,23.07.2024,2024/080,5. Änderungsordnung (Gesamtfassung),,2015,Comp. Aided Conception/Production in Mech. Engin. (privatrechtlich),
105,"Prüfungsordnung Software Systems Engineering, Master, (10/2025)",https://www.rwth-aachen.de/global/show_document.asp?id=aaaaaaaacnbzhra,16.07.2024,2024/079,Ordnung,,2025,Comp. Aided Conception/Production in Mech. Engin. (privatrechtlich),
106,"Prüfungsordnung Wirtschaftsmathematik, Bachelor, (10/2022)",https://www.rwth-aachen.de/global/show_document.asp?id=aaaaaaaacnbyqrx,16.07.2024,2024/078,2. Änderungsordnung (Gesamtfassung),,2022,Comp. Aided Conception/Production in Mech. Engin. (privatrechtlich),
107,Richtlinie zur Vergabe der Deutschlandstipendien im Rahmen des Bildungsfonds der RWTH Aachen,https://www.rwth-aachen.de/global/show_document.asp?id=aaaaaaaacmyigft,11.07.2024,2024/077,8. Änderungsordnung (Gesamtfassung),,,Comp. Aided Conception/Production in Mech. Engin. (privatrechtlich),
108,Sozialordnung der Studierendenschaft,https://www.rwth-aachen.de/global/show_document.asp?id=aaaaaaaacmyhytd,11.07.2024,2024/076,12. Änderungsordnung (Gesamtfassung),,,Comp. Aided Conception/Production in Mech. Engin. (privatrechtlich),
109,"Prüfungsordnung Elektrotechnik und Informationstechnik, Master, (10/2024)",https://www.rwth-aachen.de/global/show_document.asp?id=aaaaaaaacmhqwrw,25.06.2024,2024/072,Ordnung,,2024,Comp. Aided Conception/Production in Mech. Engin. (privatrechtlich),
110,"Prüfungsordnung Computer Engineering Master, (10/2024)",https://www.rwth-aachen.de/global/show_document.asp?id=aaaaaaaacmhpmwe,25.06.2024,2024/071,Ordnung,,2024,Comp. Aided Conception/Production in Mech. Engin. (privatrechtlich),
111,"Prüfungsordnung Nachhaltige Werkstofftechnik, Master, (04/2025)",https://www.rwth-aachen.de/global/show_document.asp?id=aaaaaaaacmfsuxo,21.06.2024,2024/070,Ordnung,,2025,Comp. Aided Conception/Production in Mech. Engin. (privatrechtlich),
112,"Prüfungsordnung Rohstoffingenieurwesen, Master, (10/2018)",https://www.rwth-aachen.de/global/show_document.asp?id=aaaaaaaacmfsrmt,21.06.2024,2024/069,9. Änderungsordnung (Gesamtfassung),31.03.2028,2018,Comp. Aided Conception/Production in Mech. Engin. (privatrechtlich),
113,"Prüfungsordnung Nachhaltige Energieversorgung, Master, (10/2018)",https://www.rwth-aachen.de/global/show_document.asp?id=aaaaaaaacmfseju,21.06.2024,2024/068,9. Änderungsordnung (Gesamtfassung),31.03.2028,2018,Comp. Aided Conception/Production in Mech. Engin. (privatrechtlich),
114,"Prüfungsordnung Nachhaltige Rohstoff- und Energieversorgung, Master, (10/2024)",https://www.rwth-aachen.de/global/show_document.asp?id=aaaaaaaacmfqaws,21.06.2024,2024/067,1. Änderungsordnung (Gesamtfassung),,2024,Comp. Aided Conception/Production in Mech. Engin. (privatrechtlich),
115,"Prüfungsordnung Nachhaltige Rohstoff- und Energieversorgung, Bachelor, (10/2024)",https://www.rwth-aachen.de/global/show_document.asp?id=aaaaaaaacmahxbs,14.06.2024,2024/066,Ordnung,,2024,Comp. Aided Conception/Production in Mech. Engin. (privatrechtlich),
116,"Prüfungsordnung Nachhaltige Werkstofftechnik, Bachelor, (10/2024)",https://www.rwth-aachen.de/global/show_document.asp?id=aaaaaaaaclryquo,04.06.2024,2024/064,Ordnung,,2024,Comp. Aided Conception/Production in Mech. Engin. (privatrechtlich),
117,"Prüfungsordnung Management Science and Mathematics, Master, (10/2024)",https://www.rwth-aachen.de/global/show_document.asp?id=aaaaaaaaclnydxg,28.05.2024,2024/063,Ordnung,,2024,Comp. Aided Conception/Production in Mech. Engin. (privatrechtlich),
118,"Prüfungsordnung Unterrichtsfach Politik, Bachelor, Lehramt an Berufskollegs (10/2013 s)",https://www.rwth-aachen.de/global/show_document.asp?id=aaaaaaaaclnxsvh,28.05.2024,2024/062,3. Änderungsordnung (Gesamtfassung),,2013 s,Comp. Aided Conception/Production in Mech. Engin. (privatrechtlich),
119,"Prüfungsordnung Unterrichtsfach Wirtschaftslehre/Politik, Bachelor, Lehramt an Berufskollegs (10/2017)",https://www.rwth-aachen.de/global/show_document.asp?id=aaaaaaaaclnxkfo,28.05.2024,2024/061,2. Änderungsordnung (Gesamtfassung),,2017,Comp. Aided Conception/Production in Mech. Engin. (privatrechtlich),
120,"Prüfungsordnung Gesellschaftswissenschaften, Bachelor, (10/2019)",https://www.rwth-aachen.de/global/show_document.asp?id=aaaaaaaaclnxexk,28.05.2024,2024/060,3. Änderungsordnung (Gesamtfassung),,2019,Comp. Aided Conception/Production in Mech. Engin. (privatrechtlich),
121,"Prüfungsordnung Soziologie mit dem Schwerpunkt Technikforschung, Bachelor, (10/2024)",https://www.rwth-aachen.de/global/show_document.asp?id=aaaaaaaaclkxabz,23.05.2024,2024/059,Ordnung,,2024,Comp. Aided Conception/Production in Mech. Engin. (privatrechtlich),
122,"Prüfungsordnung Soziologie mit dem Schwerpunkt Technikforschung, Bachelor, (10/2020)",https://www.rwth-aachen.de/global/show_document.asp?id=aaaaaaaaclkwtqz,23.05.2024,2024/058,3. Änderungsordnung (Gesamtfassung),31.03.2028,2020,Comp. Aided Conception/Production in Mech. Engin. (privatrechtlich),
123,"Prüfungsordnung Soziologie, Master, (10/2024)",https://www.rwth-aachen.de/global/show_document.asp?id=aaaaaaaaclkuqtf,23.05.2024,2024/057,Ordnung,,2024,Comp. Aided Conception/Production in Mech. Engin. (privatrechtlich),
124,"Prüfungsordnung Logopädie dual, Bachelor, (10/2024)",https://www.rwth-aachen.de/global/show_document.asp?id=aaaaaaaackxaiag,02.05.2024,2024/056,Ordnung,,2024,Comp. Aided Conception/Production in Mech. Engin. (privatrechtlich),
125,Fachschaftsordnung der Fachschaft 7/3 Kommunikationswissenschaft & Psychologie,https://www.rwth-aachen.de/global/show_document.asp?id=aaaaaaaackvmwfb,30.04.2024,2024/055,6. Änderungsordnung (Gesamtfassung),,,Comp. Aided Conception/Production in Mech. Engin. (privatrechtlich),
126,Einschreibungsordnung,https://www.rwth-aachen.de/global/show_document.asp?id=aaaaaaaackqhqke,25.04.2024,2024/054,21. Änderungsordnung (Gesamtfassung),,,Comp. Aided Conception/Production in Mech. Engin. (privatrechtlich),
127,Jahresabschluss des Studierendenwerks Aachen - Anstalt des öffentlichen Rechts - für das Geschäftsjahr vom 1. Januar bis zum 31. Dezember 2022,https://www.rwth-aachen.de/global/show_document.asp?id=aaaaaaaackgocfg,17.04.2024,2024/052,Sonstiges,,,Comp. Aided Conception/Production in Mech. Engin. (privatrechtlich),
128,Ergänzungsbestimmungen zu den Übergreifenden Prüfungsordnungen,https://www.rwth-aachen.de/global/show_document.asp?id=aaaaaaaackcqcof,12.04.2024,2024/050,Ordnung,,,Comp. Aided Conception/Production in Mech. Engin. (privatrechtlich),
129,"Prüfungsordnung Werkstoffingenieurwesen, Master, (10/2010 s)",https://www.rwth-aachen.de/global/show_document.asp?id=aaaaaaaackcpygk,12.04.2024,2024/049,7. Änderungsordnung (Gesamtfassung),,2010 s,Comp. Aided Conception/Production in Mech. Engin. (privatrechtlich),
130,"Richtlinien für die dienstliche Beurteilung der Beamtinnen und Beamten, Gesamtfassung",https://www.rwth-aachen.de/global/show_document.asp?id=aaaaaaaacjnuklk,25.03.2024,2024/046,Richtlinie,,,Comp. Aided Conception/Production in Mech. Engin. (privatrechtlich),
131,"Prüfungsordnung Networked Production Engineering, Master, (10/2020)",https://www.rwth-aachen.de/global/show_document.asp?id=aaaaaaaacjnuhve,25.03.2024,2024/045,3. Änderungsordnung (Gesamtfassung),30.09.2025,2020,Comp. Aided Conception/Production in Mech. Engin. (privatrechtlich),
132,"Prüfungsordnung Smart Production Engineering, Master (10/2022)",https://www.rwth-aachen.de/global/show_document.asp?id=aaaaaaaacjnufzn,25.03.2024,2024/044,2. Änderungsordnung (Gesamtfassung),,2022,Comp. Aided Conception/Production in Mech. Engin. (privatrechtlich),
133,"Prüfungsordnung Simulation Sciences, Master, (04/2010)",https://www.rwth-aachen.de/global/show_document.asp?id=aaaaaaaacjjjfin,20.03.2024,2024/043,2. Änderungsordnung (Gesamtfassung),,2010,Comp. Aided Conception/Production in Mech. Engin. (privatrechtlich),
134,"Prüfungsordnung Textile Engineering, Master, (10/2019)",https://www.rwth-aachen.de/global/show_document.asp?id=aaaaaaaacjjjdpj,20.03.2024,2024/042,4. Änderungsordnung (Gesamtfassung),,2019,Comp. Aided Conception/Production in Mech. Engin. (privatrechtlich),
135,"Prüfungsordnung Robotic Systems Engineering, Master, (10/2021)",https://www.rwth-aachen.de/global/show_document.asp?id=aaaaaaaacjjjanw,20.03.2024,2024/041,2. Änderungsordnung (Gesamtfassung),,2021,Comp. Aided Conception/Production in Mech. Engin. (privatrechtlich),
136,Wahlordnung der Studierendenschaft,https://www.rwth-aachen.de/global/show_document.asp?id=aaaaaaaacjjivnu,20.03.2024,2024/040,9. Änderungsordnung (Gesamtfassung),,,Comp. Aided Conception/Production in Mech. Engin. (privatrechtlich),
137,"Prüfungsordnung Management and Engineering in Production Systems (MME in Production Systems), Master, (10/2020)",https://www.rwth-aachen.de/global/show_document.asp?id=aaaaaaaacjjitwl,20.03.2024,2024/039,3. Änderungsordnung (Gesamtfassung),,2020,Comp. Aided Conception/Production in Mech. Engin. (privatrechtlich),
138,Fachschaftsordnung 5/3 Geowissenschaften und Ressourcenmanagement,https://www.rwth-aachen.de/global/show_document.asp?id=aaaaaaaacjjhwnb,20.03.2024,2024/036,3. Änderungsordnung (Gesamtfassung),,,Comp. Aided Conception/Production in Mech. Engin. (privatrechtlich),
139,Fachschaftsordnung 4 Maschinenbau,https://www.rwth-aachen.de/global/show_document.asp?id=aaaaaaaacjjgxba,20.03.2024,2024/034,6. Änderungsordnung (Gesamtfassung),,,Comp. Aided Conception/Production in Mech. Engin. (privatrechtlich),
140,"Prüfungsordnung Computer Engineering Bachelor, (10/2022)",https://www.rwth-aachen.de/global/show_document.asp?id=aaaaaaaacizyebg,12.03.2024,2024/033,1. Änderungsordnung (Gesamtfassung),,2022,Comp. Aided Conception/Production in Mech. Engin. (privatrechtlich),
141,"Prüfungsordnung Computer Engineering Bachelor, (10/2021)",https://www.rwth-aachen.de/global/show_document.asp?id=aaaaaaaacizwibn,12.03.2024,2024/032,2. Änderungsordnung (Gesamtfassung),31.03.2026,2021,Comp. Aided Conception/Production in Mech. Engin. (privatrechtlich),
142,"Prüfungsordnung Elektrotechnik mit Orientierungssemester, Teilstudiengang Elektrotechnik und Informationstechnik mit Orientierungssemester, Bachelor, (04/2021)",https://www.rwth-aachen.de/global/show_document.asp?id=aaaaaaaaciznsmu,12.03.2024,2024/031,1. Änderungsordnung (Gesamtfassung),,2021,Comp. Aided Conception/Production in Mech. Engin. (privatrechtlich),
143,"Prüfungsordnung Elektrotechnik mit Orientierungssemester, Teilstudiengang Elektrotechnik, Informationstechnik und Technische Informatik mit Orientierungssemester, Bachelor, (10/2018)",https://www.rwth-aachen.de/global/show_document.asp?id=aaaaaaaaciznqoa,12.03.2024,2024/030,1. Änderungsordnung (Gesamtfassung),31.03.2025,2018,Comp. Aided Conception/Production in Mech. Engin. (privatrechtlich),
144,"Prüfungsordnung Elektrotechnik, Informationstechnik und Technische Informatik, Bachelor, (10/2017)",https://www.rwth-aachen.de/global/show_document.asp?id=aaaaaaaaciznntk,12.03.2024,2024/029,2. Änderungsordnung (Gesamtfassung),30.09.2025,2017,Comp. Aided Conception/Production in Mech. Engin. (privatrechtlich),
145,"Prüfungsordnung Elektrotechnik und Informationstechnik, Bachelor, (10/2021)",https://www.rwth-aachen.de/global/show_document.asp?id=aaaaaaaaciznkbn,12.03.2024,2024/028,1. Änderungsordnung (Gesamtfassung),,2021,Comp. Aided Conception/Production in Mech. Engin. (privatrechtlich),
146,Veröffentlichung der weiteren Tätigkeiten von Hochschulrat und Rektorat,https://www.rwth-aachen.de/global/show_document.asp?id=aaaaaaaacixdgwq,08.03.2024,2024/027,Sonstiges,,,Comp. Aided Conception/Production in Mech. Engin. (privatrechtlich),
147,"Prüfungsordnung Architektur, Bachelor, (10/2019)",https://www.rwth-aachen.de/global/show_document.asp?id=aaaaaaaacixbgmk,08.03.2024,2024/026,5. Änderungsordnung (Gesamtfassung),,2019,Comp. Aided Conception/Production in Mech. Engin. (privatrechtlich),
148,Evaluationsordnung für Studium und Lehre,https://www.rwth-aachen.de/global/show_document.asp?id=aaaaaaaacixbbzd,08.03.2024,2024/025,1. Änderungsordnung (Gesamtfassung),,,Comp. Aided Conception/Production in Mech. Engin. (privatrechtlich),
149,Ordnung des Centers für Lehr- und Lernservices (CLS) der RWTH Aachen,https://www.rwth-aachen.de/global/show_document.asp?id=aaaaaaaacixauzi,08.03.2024,2024/024,1. Änderungsordnung (Gesamtfassung),,,Comp. Aided Conception/Production in Mech. Engin. (privatrechtlich),
150,"Prüfungsordnung Materialwissenschaften, Bachelor, (10/2023)",https://www.rwth-aachen.de/global/show_document.asp?id=aaaaaaaacimmvkf,27.02.2024,2024/021,Berichtigung der Ordnung,,2023,Comp. Aided Conception/Production in Mech. Engin. (privatrechtlich),
151,"Prüfungsordnung Werkstoffingenieurwesen, Bachelor, (10/2010 s)",https://www.rwth-aachen.de/global/show_document.asp?id=aaaaaaaacimmcbi,27.02.2024,2024/020,3. Änderungsordnung (Gesamtfassung),31.03.2029,2010 s,Comp. Aided Conception/Production in Mech. Engin. (privatrechtlich),
152,"Satzung des Clinical Trial Center Aachen, Medizinische Fakultät",https://www.rwth-aachen.de/global/show_document.asp?id=aaaaaaaacieelkk,19.02.2024,2024/017,Ordnung,,,Comp. Aided Conception/Production in Mech. Engin. (privatrechtlich),
153,"Prüfungsordnung Ökotoxikologie, Master, (10/2016)",https://www.rwth-aachen.de/global/show_document.asp?id=aaaaaaaacidtirb,19.02.2024,2024/013,5. Änderungsordnung (Gesamtfassung),31.03.2028,2016,Comp. Aided Conception/Production in Mech. Engin. (privatrechtlich),
154,Geschäftsordnung des Rektorats,https://www.rwth-aachen.de/global/show_document.asp?id=aaaaaaaachqxkno,29.01.2024,2024/005,10. Änderungsordnung (Gesamtfassung),,,Comp. Aided Conception/Production in Mech. Engin. (privatrechtlich),
155,Beitragsordnung des Studierendenwerks Aachen,https://www.rwth-aachen.de/global/show_document.asp?id=aaaaaaaacheetfs,16.01.2024,2024/002,24. Änderungsordnung (Gesamtfassung),,,Comp. Aided Conception/Production in Mech. Engin. (privatrechtlich),
156,"Prüfungsordnung Große berufliche Fachrichtung Bautechnik (Studiengangmodell III), Lehramt an Berufskollegs, Master, (04/2024)",https://www.rwth-aachen.de/global/show_document.asp?id=aaaaaaaacheelby,16.01.2024,2024/001,Ordnung,,2024,Comp. Aided Conception/Production in Mech. Engin. (privatrechtlich),
157,"Prüfungsordnung Elektrotechnik, Informationstechnik und Technische Informatik, Master, (10/2018)",https://www.rwth-aachen.de/global/show_document.asp?id=aaaaaaaacgmuenw,20.12.2023,2023/142,5. Änderungsordnung (Gesamtfassung),31.03.2028,2018,Comp. Aided Conception/Production in Mech. Engin. (privatrechtlich),
158,"Prüfungsordnung Mathematik, Master, (10/2024)",https://www.rwth-aachen.de/global/show_document.asp?id=aaaaaaaacgcvcrg,08.12.2023,2023/139,Ordnung,,2024,Comp. Aided Conception/Production in Mech. Engin. (privatrechtlich),
159,"Prüfungsordnung Resilient Civil Engineering (RCE), Master, (10/2024)",https://www.rwth-aachen.de/global/show_document.asp?id=aaaaaaaacfzqidf,05.12.2023,2023/138,Ordnung,,2024,Comp. Aided Conception/Production in Mech. Engin. (privatrechtlich),
160,"Prüfungsordnung Master of Public Administration in European Studies (MPA-ES), Master, (10/2021)",https://www.rwth-aachen.de/global/show_document.asp?id=aaaaaaaacfzqaky,05.12.2023,2023/137,3. Änderungsordnung (Gesamtfassung),,2021,Comp. Aided Conception/Production in Mech. Engin. (privatrechtlich),
161,Richtlinien zur Graduiertenförderung,https://www.rwth-aachen.de/global/show_document.asp?id=aaaaaaaacfygrea,28.11.2023,2023/134,Richtlinie,,,Comp. Aided Conception/Production in Mech. Engin. (privatrechtlich),
162,"Prüfungsordnung Unterrichtsfach Informatik, Lehramt an Berufskollegs, Master (10/2017)",https://www.rwth-aachen.de/global/show_document.asp?id=aaaaaaaacfujyls,28.11.2023,2023/133,3. Änderungsordnung (Gesamtfassung),,2017,Comp. Aided Conception/Production in Mech. Engin. (privatrechtlich),
163,"Prüfungsordnung Unterrichtsfach Informatik, Lehramt an Gymnasien und Gesamtschulen, Master (10/2017)",https://www.rwth-aachen.de/global/show_document.asp?id=aaaaaaaacfujnly,28.11.2023,2023/132,1. Änderungsordnung (Gesamtfassung),,2017,Comp. Aided Conception/Production in Mech. Engin. (privatrechtlich),
164,"Prüfungsordnung Unterrichtsfach Informatik, Lehramt an Berufskollegs, Bachelor (10/2017)",https://www.rwth-aachen.de/global/show_document.asp?id=aaaaaaaacfujcxv,28.11.2023,2023/131,2. Änderungsordnung (Gesamtfassung),30.09.2027,2017,Comp. Aided Conception/Production in Mech. Engin. (privatrechtlich),
165,"Prüfungsordnung Unterrichtsfach Informatik, Lehramt an Gymnasien und Gesamtschulen, Bachelor, (10/2017)",https://www.rwth-aachen.de/global/show_document.asp?id=aaaaaaaacfuhzgx,28.11.2023,2023/130,3. Änderungsordnung (Gesamtfassung),30.09.2027,2017,Comp. Aided Conception/Production in Mech. Engin. (privatrechtlich),
166,"Prüfungsordnung Physik, Master, (10/2013 s)",https://www.rwth-aachen.de/global/show_document.asp?id=aaaaaaaacfqjdph,23.11.2023,2023/127,9. Änderungsordnung (Gesamtfassung),,2013 s,Comp. Aided Conception/Production in Mech. Engin. (privatrechtlich),
167,"Prüfungsordnung Unterrichtsfach Technik, Lehramt an Gymnasien und Gesamtschulen, Bachelor (10/2018)",https://www.rwth-aachen.de/global/show_document.asp?id=aaaaaaaacfqikka,23.11.2023,2023/126,4. Änderungsordnung (Gesamtfassung),,2018,Comp. Aided Conception/Production in Mech. Engin. (privatrechtlich),
168,"Prüfungsordnung Master of Science in Sustainability Management, Master, (10/2024)",https://www.rwth-aachen.de/global/show_document.asp?id=aaaaaaaacfmqzde,20.11.2023,2023/125,Ordnung,,2024,Comp. Aided Conception/Production in Mech. Engin. (privatrechtlich),
169,Ordnung zur Errichtung von wissenschaftlichen Einrichtungen und Betriebseinheiten,https://www.rwth-aachen.de/global/show_document.asp?id=aaaaaaaacfltrod,17.11.2023,2023/124,5. Änderungsordnung (Gesamtfassung),,,Comp. Aided Conception/Production in Mech. Engin. (privatrechtlich),
170,"Fachschaftsordnung 1/1, Mathematik, Physik, Informatik",https://www.rwth-aachen.de/global/show_document.asp?id=aaaaaaaacfltjsw,17.11.2023,2023/123,10. Änderungsordnung (Gesamtfassung),,,Comp. Aided Conception/Production in Mech. Engin. (privatrechtlich),
171,Geschäftsordnung des Studierendenparlaments,https://www.rwth-aachen.de/global/show_document.asp?id=aaaaaaaaceuqpkj,31.10.2023,2023/117,1. Änderungsordnung (Gesamtfassung),,,Comp. Aided Conception/Production in Mech. Engin. (privatrechtlich),
172,"Prüfungsordnung Medical Data Science, Master, (10/2020)",https://www.rwth-aachen.de/global/show_document.asp?id=aaaaaaaaceuqbbb,31.10.2023,2023/116,4. Änderungsordnung (Gesamtfassung),30.09.2026,2020,Comp. Aided Conception/Production in Mech. Engin. (privatrechtlich),
173,"Prüfungsordnung Automatisierungstechnik, Master, (10/2013 s)",https://www.rwth-aachen.de/global/show_document.asp?id=aaaaaaaaceogrtx,23.10.2023,2023/113,Berichtigung der 9. Änderungsordnung (Gesamtfassung),31.03.2026,2013 s,Comp. Aided Conception/Production in Mech. Engin. (privatrechtlich),
174,"Prüfungsordnung Automatisierungstechnik, Master, (10/2023)",https://www.rwth-aachen.de/global/show_document.asp?id=aaaaaaaaceletaj,20.10.2023,2023/112,Berichtigung der 1. Änderungsordnung (Gesamtfassung),,2023,Comp. Aided Conception/Production in Mech. Engin. (privatrechtlich),
175,"Prüfungsordnung Physik Plus, Bachelor, (10/2023)",https://www.rwth-aachen.de/global/show_document.asp?id=aaaaaaaacejmlde,18.10.2023,2023/111,Berichtigung der Ordnung,,2023,Comp. Aided Conception/Production in Mech. Engin. (privatrechtlich),
176,"Prüfungsordnung Mensch-Technik-Interaktion und -Kommunikation, Master, (04/2023)",https://www.rwth-aachen.de/global/show_document.asp?id=aaaaaaaacdtgmfn,28.09.2023,2023/108,1. Änderungsordnung (Gesamtfassung),,2023,Comp. Aided Conception/Production in Mech. Engin. (privatrechtlich),
177,"Prüfungsordnung Mensch-Technik-Interaktion und -Kommunikation, Bachelor, (04/2023)",https://www.rwth-aachen.de/global/show_document.asp?id=aaaaaaaacdtgaye,28.09.2023,2023/107,1. Änderungsordnung (Gesamtfassung),,2023,Comp. Aided Conception/Production in Mech. Engin. (privatrechtlich),
178,"Prüfungsordnung Computer Aided Conception and Production in Mechanical Engineering, Master, (10/2021)",https://www.rwth-aachen.de/global/show_document.asp?id=aaaaaaaacdtfpdp,28.09.2023,2023/106,1. Änderungsordnung (Gesamtfassung),,2021,Comp. Aided Conception/Production in Mech. Engin. (privatrechtlich),
179,"Prüfungsordnung Master of Science in Management and Engineering in Computer Aided Mechanical Engineering (MME-CAME), Master, (10/2020)",https://www.rwth-aachen.de/global/show_document.asp?id=aaaaaaaacdtfklx,28.09.2023,2023/105,2. Änderungsordnung (Gesamtfassung),,2020,Comp. Aided Conception/Production in Mech. Engin. (privatrechtlich),
180,"Prüfungsordnung Master of Science in Management and Engineering in Technology, Innovation, Marketing and Entrepreneurship (MME-TIME), Master, (10/2017)",https://www.rwth-aachen.de/global/show_document.asp?id=aaaaaaaacdixnrj,18.09.2023,2023/098,7. Änderungsordnung (Gesamtfassung),,2017,Comp. Aided Conception/Production in Mech. Engin. (privatrechtlich),
181,"Prüfungsordnung Psychologie (polyvalent), Bachelor, (10/2021)",https://www.rwth-aachen.de/global/show_document.asp?id=aaaaaaaaccsczoz,29.08.2023,2023/093,2. Änderungsordnung (Gesamtfassung),,2021,Comp. Aided Conception/Production in Mech. Engin. (privatrechtlich),
182,Richtlinien für die Erteilung und Vergütung von Lehraufträgen,https://www.rwth-aachen.de/global/show_document.asp?id=aaaaaaaaccgchmc,14.08.2023,2023/092,Richtlinie,,,Comp. Aided Conception/Production in Mech. Engin. (privatrechtlich),
183,"Prüfungsordnung Große beruflichen Fachrichtung Elektrotechnik (Studiengangmodell III), Lehramt an Berufskollegs, Master, (10/2017)",https://www.rwth-aachen.de/global/show_document.asp?id=aaaaaaaaccdkftv,09.08.2023,2023/091,1. Änderungsordnung (Gesamtfassung),,2017,Comp. Aided Conception/Production in Mech. Engin. (privatrechtlich),
184,"Prüfungsordnung Materialwissenschaften, Bachelor, (10/2023)",https://www.rwth-aachen.de/global/show_document.asp?id=aaaaaaaaccawkpt,07.08.2023,2023/090,Ordnung,,2023,Comp. Aided Conception/Production in Mech. Engin. (privatrechtlich),
185,"Prüfungsordnung Unterrichtsfach Informatik, Lehramt an Berufskollegs, Bachelor (10/2023)",https://www.rwth-aachen.de/global/show_document.asp?id=aaaaaaaacbsnwnz,25.07.2023,2023/089,1. Änderungsordnung (Gesamtfassung),,2023,Comp. Aided Conception/Production in Mech. Engin. (privatrechtlich),
186,"Prüfungsordnung Unterrichtsfach Informatik, Lehramt an Gymnasien und Gesamtschulen, Bachelor, (10/2023)",https://www.rwth-aachen.de/global/show_document.asp?id=aaaaaaaacbsntxu,25.07.2023,2023/088,1. Änderungsordnung (Gesamtfassung),,2023,Comp. Aided Conception/Production in Mech. Engin. (privatrechtlich),
187,"Prüfungsordnung Architektur, Master, (10/2019)",https://www.rwth-aachen.de/global/show_document.asp?id=aaaaaaaacbsknmn,25.07.2023,2023/081,8. Änderungsordnung (Gesamtfassung),,2019,Comp. Aided Conception/Production in Mech. Engin. (privatrechtlich),
188,"Prüfungsordnung Engineering Geohazards, Master, (10/2020)",https://www.rwth-aachen.de/global/show_document.asp?id=aaaaaaaacbskfok,25.07.2023,2023/080,3. Änderungsordnung (Gesamtfassung),,2020,Comp. Aided Conception/Production in Mech. Engin. (privatrechtlich),
189,"Prüfungsordnung für das Bildungswissenschaftliche Studium und DSSZ, Lehramt am Berufskolleg, Master, Studiengangmodell III, (10/2017)",https://www.rwth-aachen.de/global/show_document.asp?id=aaaaaaaacbnckai,18.07.2023,2023/079,3. Änderungsordnung (Gesamtfassung),,2017,Comp. Aided Conception/Production in Mech. Engin. (privatrechtlich),
190,"Prüfungsordnung Große berufliche Fachrichtung Maschinenbautechnik (Studiengangmodell III), Lehramt an Berufskollegs, Master, (10/2017)",https://www.rwth-aachen.de/global/show_document.asp?id=aaaaaaaacbncbws,18.07.2023,2023/078,2. Änderungsordnung (Gesamtfassung),,2017,Comp. Aided Conception/Production in Mech. Engin. (privatrechtlich),
191,Fachschaftsrahmenordnung der Studierendenschaft,https://www.rwth-aachen.de/global/show_document.asp?id=aaaaaaaacbnbgpp,18.07.2023,2023/076,10. Änderungsordnung (Gesamtfassung),,,Comp. Aided Conception/Production in Mech. Engin. (privatrechtlich),
192,"Prüfungsordnung Materials Engineering, Master, (10/2022)",https://www.rwth-aachen.de/global/show_document.asp?id=aaaaaaaacbamvnr,11.07.2023,2023/074,1. Änderungsordnung (Gesamtfassung),,2022,Comp. Aided Conception/Production in Mech. Engin. (privatrechtlich),
193,Grundordnung,https://www.rwth-aachen.de/global/show_document.asp?id=aaaaaaaacazghxj,10.07.2023,2023/073,10. Änderungsordnung (Gesamtfassung),,,Comp. Aided Conception/Production in Mech. Engin. (privatrechtlich),
194,"Prüfungsordnung Wirtschaftsingenieurwesen (Business Administration and Engineering), Bachelor, (10/2013)",https://www.rwth-aachen.de/global/show_document.asp?id=aaaaaaaacazexop,10.07.2023,2023/072,10. Änderungsordnung (Gesamtfassung),30.09.2024,2013,Comp. Aided Conception/Production in Mech. Engin. (privatrechtlich),
195,"Prüfungsordnung Nachhaltige Rohstoff- und Energieversorgung, Bachelor, (10/2018 s)",https://www.rwth-aachen.de/global/show_document.asp?id=aaaaaaaacaxvley,06.07.2023,2023/063,5. Änderungsordnung (Gesamtfassung),31.03.2028,2018 s,Comp. Aided Conception/Production in Mech. Engin. (privatrechtlich),
196,"Prüfungsordnung Physik, Bachelor, (10/2023)",https://www.rwth-aachen.de/global/show_document.asp?id=aaaaaaaacaxtyev,06.07.2023,2023/061,Berichtigung der Ordnung,,2023,Comp. Aided Conception/Production in Mech. Engin. (privatrechtlich),
197,Geschäftsordnung der Ausländerinnen- und Ausländervertretung,https://www.rwth-aachen.de/global/show_document.asp?id=aaaaaaaacaquenb,29.06.2023,2023/059,1. Änderungsordnung (Gesamtfassung),,,Comp. Aided Conception/Production in Mech. Engin. (privatrechtlich),
198,"Prüfungsordnung Technik-Kommunikation, Master, (10/2013 s)",https://www.rwth-aachen.de/global/show_document.asp?id=aaaaaaaacajftnx,20.06.2023,2023/058,8. Änderungsordnung (Gesamtfassung),31.03.2027,2013 s,Comp. Aided Conception/Production in Mech. Engin. (privatrechtlich),
199,"Prüfungsordnung Technik-Kommunikation, Bachelor, (10/2013 s)",https://www.rwth-aachen.de/global/show_document.asp?id=aaaaaaaacajfoua,20.06.2023,2023/057,8. Änderungsordnung (Gesamtfassung),31.03.2027,2013 s,Comp. Aided Conception/Production in Mech. Engin. (privatrechtlich),
200,"Prüfungsordnung Physik Plus, Bachelor, (10/2023)",https://www.rwth-aachen.de/global/show_document.asp?id=aaaaaaaabztzjvo,01.06.2023,2023/055,Ordnung,,2023,Comp. Aided Conception/Production in Mech. Engin. (privatrechtlich),
201,"Prüfungsordnung Physik, Bachelor, (10/2023)",https://www.rwth-aachen.de/global/show_document.asp?id=aaaaaaaabztyxfu,01.06.2023,2023/054,Ordnung,,2023,Comp. Aided Conception/Production in Mech. Engin. (privatrechtlich),
202,Satzung des Sprachenzentrums,https://www.rwth-aachen.de/global/show_document.asp?id=aaaaaaaacbrjblx,23.05.2023,2023/051,2. Änderungsordnung (Gesamtfassung),,,Comp. Aided Conception/Production in Mech. Engin. (privatrechtlich),
203,Ordnung über den Umgang mit Ordnungsverstößen von Studierenden und Ordnungsmaßnahmen,https://www.rwth-aachen.de/global/show_document.asp?id=aaaaaaaabzefqvt,11.05.2023,2023/049,Ordnung,,,Comp. Aided Conception/Production in Mech. Engin. (privatrechtlich),
204,Hausordnung der RWTH,https://www.rwth-aachen.de/global/show_document.asp?id=aaaaaaaabyysibj,04.05.2023,2023/048,4. Änderungsordnung (Gesamtfassung),,,Comp. Aided Conception/Production in Mech. Engin. (privatrechtlich),
205,"Prüfungsordnung Automatisierungstechnik, Master, (10/2013 s)",https://www.rwth-aachen.de/global/show_document.asp?id=aaaaaaaabyysfpi,04.05.2023,2023/047,9. Änderungsordnung (Gesamtfassung),31.03.2026,2013 s,Comp. Aided Conception/Production in Mech. Engin. (privatrechtlich),
206,"Prüfungsordnung Automatisierungstechnik, Master, (10/2023)",https://www.rwth-aachen.de/global/show_document.asp?id=aaaaaaaabyyrvsh,04.05.2023,2023/046,1. Änderungsordnung (Gesamtfassung),,2023,Comp. Aided Conception/Production in Mech. Engin. (privatrechtlich),
207,Promotionsordnung Fakultät für Maschinenwesen,https://www.rwth-aachen.de/global/show_document.asp?id=aaaaaaaabymboxy,20.04.2023,2023/044,7. Änderungsordnung (Gesamtfassung),,,Comp. Aided Conception/Production in Mech. Engin. (privatrechtlich),
208,"Prüfungsordnung Chemie, Master, (04/2022)",https://www.rwth-aachen.de/global/show_document.asp?id=aaaaaaaabxxpusu,04.04.2023,2023/042,2. Änderungsordnung (Gesamtfassung),,2022,Comp. Aided Conception/Production in Mech. Engin. (privatrechtlich),
209,"Prüfungsordnung Chemie, Master, (10/2009 s)",https://www.rwth-aachen.de/global/show_document.asp?id=aaaaaaaabxxpfvc,04.04.2023,2023/041,9. Änderungsordnung (Gesamtfassung),30.09.2024,2009 s,Comp. Aided Conception/Production in Mech. Engin. (privatrechtlich),
210,Habilitationsordnung Fakultät für Georessourcen und Materialtechnik,https://www.rwth-aachen.de/global/show_document.asp?id=aaaaaaaabxffazy,23.03.2023,2023/040,1. Änderungsordnung (Gesamtfassung),,,Comp. Aided Conception/Production in Mech. Engin. (privatrechtlich),
211,"Prüfungsordnung Lasers in Dentistry, Master, (10/2010 s)",https://www.rwth-aachen.de/global/show_document.asp?id=aaaaaaaabxfdyia,23.03.2023,2023/036,2. Änderungsordnung (Gesamtfassung),30.09.2024,2010 s,Comp. Aided Conception/Production in Mech. Engin. (privatrechtlich),
212,Geschäftsordnung für den Tierschutzausschuss,https://www.rwth-aachen.de/global/show_document.asp?id=aaaaaaaabwxsmsn,16.03.2023,2023/034,Sonstiges,,,Comp. Aided Conception/Production in Mech. Engin. (privatrechtlich),
213,"Prüfungsordnung Philosophie, Literatur- und Sprachwissenschaft, Bachelor, (10/2021)",https://www.rwth-aachen.de/global/show_document.asp?id=aaaaaaaabwxpldc,16.03.2023,2023/031,2. Änderungsordnung (Gesamtfassung),,2021,Comp. Aided Conception/Production in Mech. Engin. (privatrechtlich),
214,"Prüfungsordnung Construction and Robotics, Master, (04/2020)",https://www.rwth-aachen.de/global/show_document.asp?id=aaaaaaaabwqvocr,09.03.2023,2023/028,4. Änderungsordnung (Gesamtfassung),31.03.2027,2020,Comp. Aided Conception/Production in Mech. Engin. (privatrechtlich),
215,"Prüfungsordnung berufliche Fachrichtung Elektrotechnik (Studiengangmodell I) oder mit der Großen beruflichen Fachrichtung Elektrotechnik (Studiengangmodell II), Lehramt an Berufskollegs, Bachelor, (10/2017)",https://www.rwth-aachen.de/global/show_document.asp?id=aaaaaaaabwoaymw,07.03.2023,2023/025,1. Änderungsordnung (Gesamtfassung),,2017,Comp. Aided Conception/Production in Mech. Engin. (privatrechtlich),
216,"Prüfungsordnung Unterrichtsfach Physik, Lehramt an Berufskollegs, Bachelor, (10/2023)",https://www.rwth-aachen.de/global/show_document.asp?id=aaaaaaaabwoacer,07.03.2023,2023/024,Ordnung,,2023,Comp. Aided Conception/Production in Mech. Engin. (privatrechtlich),
217,"Prüfungsordnung Unterrichtsfach Physik, Lehramt an Gymnasien und Gesamtschulen, Bachelor, (10/2023)",https://www.rwth-aachen.de/global/show_document.asp?id=aaaaaaaabwnzoas,07.03.2023,2023/023,Ordnung,,2023,Comp. Aided Conception/Production in Mech. Engin. (privatrechtlich),
218,"Prüfungsordnung Unterrichtsfach Technik, Lehramt an Gymnasien und Gesamtschulen, Master, (10/2018)",https://www.rwth-aachen.de/global/show_document.asp?id=aaaaaaaabwhscvx,28.02.2023,2023/014,2. Änderungsordnung (Gesamtfassung),,2018,Comp. Aided Conception/Production in Mech. Engin. (privatrechtlich),
219,"Prüfungsordnung Wirtschaftsgeographie, Master, (10/2013 s)",https://www.rwth-aachen.de/global/show_document.asp?id=aaaaaaaabvyrzas,14.02.2023,2023/012,5. Änderungsordnung (Gesamtfassung),,2013 s,Comp. Aided Conception/Production in Mech. Engin. (privatrechtlich),
220,"Prüfungsordnung Angewandte Geographie, Master, (10/2013 s)",https://www.rwth-aachen.de/global/show_document.asp?id=aaaaaaaabvyrshf,14.02.2023,2023/011,5. Änderungsordnung (Gesamtfassung),,2013 s,Comp. Aided Conception/Production in Mech. Engin. (privatrechtlich),
221,"Prüfungsordnung Sprach- und Kommunikationswissenschaft, Bachelor, (10/2022)",https://www.rwth-aachen.de/global/show_document.asp?id=aaaaaaaabvurmut,09.02.2023,2023/008,1. Änderungsordnung (Gesamtfassung),,2022,Comp. Aided Conception/Production in Mech. Engin. (privatrechtlich),
222,"Prüfungsordnung, Literatur- und Sprachwissenschaft, Bachelor, (10/2017)",https://www.rwth-aachen.de/global/show_document.asp?id=aaaaaaaabvqkyem,06.02.2023,2023/007,3. Änderungsordnung (Gesamtfassung),30.09.2026,2017,Comp. Aided Conception/Production in Mech. Engin. (privatrechtlich),
223,Satzung für das Auswahlverfahren in örtlich zulassungsbeschränkten Studiengängen,https://www.rwth-aachen.de/global/show_document.asp?id=aaaaaaaabvovooj,03.02.2023,2023/005,2. Änderungsordnung (Gesamtfassung),,,Comp. Aided Conception/Production in Mech. Engin. (privatrechtlich),
224,"Prüfungsordnung Robotic Systems Engineering, Master, (10/2019)",https://www.rwth-aachen.de/global/show_document.asp?id=aaaaaaaabvaahms,20.01.2023,2023/002,2. Änderungsordnung (Gesamtfassung),30.09.2024,2019,Comp. Aided Conception/Production in Mech. Engin. (privatrechtlich),
225,"Prüfungsordnung Große beruflichen Fachrichtung Maschinenbautechnik, Lehramt an Berufkollegs, Bachelor, (10/2020)",https://www.rwth-aachen.de/global/show_document.asp?id=aaaaaaaabugokhs,23.12.2022,2022/170,2. Änderungsordnung (Gesamtfassung),,2020,Comp. Aided Conception/Production in Mech. Engin. (privatrechtlich),
226,"Prüfungsordnung Master of Business Administration in Digitalization and Industrial Change (Full-Time MBA), Master, (10/2023)",https://www.rwth-aachen.de/global/show_document.asp?id=aaaaaaaabugcrsx,22.12.2022,2022/169,Ordnung,,2023,Comp. Aided Conception/Production in Mech. Engin. (privatrechtlich),
227,"Prüfungsordnung Master of Business Administration in Digitalization and Industrial Change (Full-Time MBA), Master, (10/2021)",https://www.rwth-aachen.de/global/show_document.asp?id=aaaaaaaabufpstv,21.12.2022,2022/168,2. Änderungsordnung (Gesamtfassung),31.03.2025,2021,Comp. Aided Conception/Production in Mech. Engin. (privatrechtlich),
228,"Fakultätsordnung, Wirtschaftswissenschaften",https://www.rwth-aachen.de/global/show_document.asp?id=aaaaaaaabufpasa,21.12.2022,2022/167,6. Änderungsordnung (Gesamtfassung),,,Comp. Aided Conception/Production in Mech. Engin. (privatrechtlich),
229,Leitlinien und Verfahren zur Sicherung guter wissenschaftlicher Praxis,https://www.rwth-aachen.de/global/show_document.asp?id=aaaaaaaabuenrjf,20.12.2022,2022/164,1. Änderungsordnung (Gesamtfassung),,,Comp. Aided Conception/Production in Mech. Engin. (privatrechtlich),
230,"Prüfungsordnung, Hebammenwissenschaft, Bachelor, (04/2022)",https://www.rwth-aachen.de/global/show_document.asp?id=aaaaaaaabudzmaf,19.12.2022,2022/163,1. Änderungsordnung (Gesamtfassung),,2022,Comp. Aided Conception/Production in Mech. Engin. (privatrechtlich),
231,"Praxissemester, Master, Lehramt an Gymnasien und Gesamtschulen sowie Lehramt an Berufskollegs",https://www.rwth-aachen.de/global/show_document.asp?id=aaaaaaaabudwrpo,19.12.2022,2022/160,Berichtigung der 2. Änderungsordnung (Gesamtfassung),,,Comp. Aided Conception/Production in Mech. Engin. (privatrechtlich),
232,"Prüfungsordnung Master of Science in Management and Engineering in Structural Engineering and Risk Management of Industrial Facilities (MME-Construct) der RWTH Aachen und der Maastricht School of Management, Master, (10/2018)",https://www.rwth-aachen.de/global/show_document.asp?id=aaaaaaaabtxbdqa,12.12.2022,2022/155,4. Änderungsordnung (Gesamtfassung),30.09.2024,2018,Comp. Aided Conception/Production in Mech. Engin. (privatrechtlich),
233,"Prüfungsordnung Master of Science in Management and Engineering in Water (MME-Water) der RWTH Aachen und der Maastricht School of Management, Master, (10/2018)",https://www.rwth-aachen.de/global/show_document.asp?id=aaaaaaaabtrqvts,05.12.2022,2022/154,1. Änderungsordnung (Gesamtfassung),30.09.2024,2018,Comp. Aided Conception/Production in Mech. Engin. (privatrechtlich),
234,"Prüfungsordnung Master of Science in Management and Engineering in Structural Engineering and Risk Management of Industrial Facilities (MME-Construct), Master, (10/2021)",https://www.rwth-aachen.de/global/show_document.asp?id=aaaaaaaabtrpxgb,05.12.2022,2022/153,1. Änderungsordnung (Gesamtfassung),30.09.2024,2021,Comp. Aided Conception/Production in Mech. Engin. (privatrechtlich),
235,"Fakultätsordnung, Medizinische Fakultät",https://www.rwth-aachen.de/global/show_document.asp?id=aaaaaaaabstobik,09.11.2022,2022/151,7. Änderungsordnung (Gesamtfassung),,,Comp. Aided Conception/Production in Mech. Engin. (privatrechtlich),
236,Richtlinien zur Vergabe des Social Entrepreneurship Program-Stipendiums der RWTH Aachen,https://www.rwth-aachen.de/global/show_document.asp?id=aaaaaaaabsnvrao,03.11.2022,2022/150,1. Änderungsordnung (Gesamtfassung),,,Comp. Aided Conception/Production in Mech. Engin. (privatrechtlich),
237,"Gleichstellungsplan, Rahmenplan",https://www.rwth-aachen.de/global/show_document.asp?id=aaaaaaaabsirioh,27.10.2022,2022/149,Ordnung,31.10.2027,,Comp. Aided Conception/Production in Mech. Engin. (privatrechtlich),
238,"Prüfungsordnung berufliche Fachrichtung Bautechnik, Lehramt an Berufskollegs, Master, (10/2022)",https://www.rwth-aachen.de/global/show_document.asp?id=aaaaaaaabqzukmh,20.09.2022,2022/137,Ordnung,,2022,Comp. Aided Conception/Production in Mech. Engin. (privatrechtlich),
239,"Prüfungsordnung Große berufliche Fachrichtung Bautechnik, Lehramt an Berufskollegs, Master, (10/2022)",https://www.rwth-aachen.de/global/show_document.asp?id=aaaaaaaabqzszxz,20.09.2022,2022/136,Ordnung,,2022,Comp. Aided Conception/Production in Mech. Engin. (privatrechtlich),
240,"Prüfungsordnung Große berufliche Fachrichtung Bautechnik, Lehramt an Berufskollegs, Bachelor, (10/2022)",https://www.rwth-aachen.de/global/show_document.asp?id=aaaaaaaabqzsxgg,20.09.2022,2022/135,Ordnung,,2022,Comp. Aided Conception/Production in Mech. Engin. (privatrechtlich),
241,Ethik: Satzung der fakultätsübergreifenden Ethikkommission,https://www.rwth-aachen.de/global/show_document.asp?id=aaaaaaaabqdtlzo,29.08.2022,2022/126,Sonstiges,,,Comp. Aided Conception/Production in Mech. Engin. (privatrechtlich),
242,"Prüfungsordnung Bildungswissenschaftliche Studium und DSSZ, Lehramt am Berufskolleg, Master, (10/2017)",https://www.rwth-aachen.de/global/show_document.asp?id=aaaaaaaabqdftyu,29.08.2022,2022/121,1. Änderungsordnung (Gesamtfassung),,2017,Comp. Aided Conception/Production in Mech. Engin. (privatrechtlich),
243,"Prüfungsordnung Bildungswissenschaftliche Studium und DSSZ, Lehramt an Gymnasien und Gesamtschulen, Master, (10/2017)",https://www.rwth-aachen.de/global/show_document.asp?id=aaaaaaaabqdfnrm,29.08.2022,2022/120,1. Änderungsordnung (Gesamtfassung),,2017,Comp. Aided Conception/Production in Mech. Engin. (privatrechtlich),
244,"Prüfungsordnung für das Bildungswissenschaftliche Studium, Lehramt an Gymnasien und Gesamtschulen, Bachelor, (10/2011)",https://www.rwth-aachen.de/global/show_document.asp?id=aaaaaaaabqdeuiz,29.08.2022,2022/119,3. Änderungsordnung (Gesamtfassung),,2011,Comp. Aided Conception/Production in Mech. Engin. (privatrechtlich),
245,"Prüfungsordnung für das Bildungswissenschaftliche Studium, Lehramt am Berufskolleg, Bachelor, (10/2011)",https://www.rwth-aachen.de/global/show_document.asp?id=aaaaaaaabqddiyq,29.08.2022,2022/118,3. Änderungsordnung (Gesamtfassung),,2011,Comp. Aided Conception/Production in Mech. Engin. (privatrechtlich),
246,"Allgemeine Lab-, Atelier- und Werkstattordnung der Fakultät 2",https://www.rwth-aachen.de/global/show_document.asp?id=aaaaaaaabptgidn,18.08.2022,2022/106,Ordnung,,,Comp. Aided Conception/Production in Mech. Engin. (privatrechtlich),
247,Ordnung für die Zulassung von internationalen Studienbewerberinnen und Studienbewerbern,https://www.rwth-aachen.de/global/show_document.asp?id=aaaaaaaabpkspli,09.08.2022,2022/104,Ordnung,,,Comp. Aided Conception/Production in Mech. Engin. (privatrechtlich),
248,Promotionsordnung Fakultät Georessourcen und Materialtechnik,https://www.rwth-aachen.de/global/show_document.asp?id=aaaaaaaabpflubt,02.08.2022,2022/100,6. Änderungsordnung (Gesamtfassung),,,Comp. Aided Conception/Production in Mech. Engin. (privatrechtlich),
249,"Prüfungsordnung Molekulare und Angewandte Biotechnologie, Bachelor, (10/2010 s)",https://www.rwth-aachen.de/global/show_document.asp?id=aaaaaaaabpfjbst,02.08.2022,2022/098,4. Änderungsordnung (Gesamtfassung),31.03.2028,2010 s,Comp. Aided Conception/Production in Mech. Engin. (privatrechtlich),
250,"Prüfungsordnung Biologie, Bachelor, (10/2010 s)",https://www.rwth-aachen.de/global/show_document.asp?id=aaaaaaaabpfintz,02.08.2022,2022/097,3. Änderungsordnung (Gesamtfassung),31.03.2028,2010 s,Comp. Aided Conception/Production in Mech. Engin. (privatrechtlich),
251,Übergreifende Prüfungsordnung zur Erweiterung eines lehramtsbezogenen Abschlusses,https://www.rwth-aachen.de/global/show_document.asp?id=aaaaaaaabpbpboz,27.07.2022,2022/094,1. Änderungsordnung (Gesamtfassung),,,Comp. Aided Conception/Production in Mech. Engin. (privatrechtlich),
252,Promotionsordnung Philosophische Fakultät,https://www.rwth-aachen.de/global/show_document.asp?id=aaaaaaaabpbowwk,27.07.2022,2022/092,12. Änderungsordnung (Gesamtfassung),,,Comp. Aided Conception/Production in Mech. Engin. (privatrechtlich),
253,"Prüfungsordnung Metallurgical Engineering, Master, (10/2010 s)",https://www.rwth-aachen.de/global/show_document.asp?id=aaaaaaaabowctrr,19.07.2022,2022/088,8. Änderungsordnung (Gesamtfassung),30.09.2025,2010 s,Comp. Aided Conception/Production in Mech. Engin. (privatrechtlich),
254,Ordnung für den Aachener Hochschulsport,https://www.rwth-aachen.de/global/show_document.asp?id=aaaaaaaabowcswn,19.07.2022,2022/087,2. Änderungsordnung (Gesamtfassung),,,Comp. Aided Conception/Production in Mech. Engin. (privatrechtlich),
255,"Prüfungsordnung Governance von Technologie und Innovation, Master, (10/2019)",https://www.rwth-aachen.de/global/show_document.asp?id=aaaaaaaabowcibh,19.07.2022,2022/085,Berichtigung der 1. Änderungsordnung (Gesamtfassung),,2019,Comp. Aided Conception/Production in Mech. Engin. (privatrechtlich),
256,Satzung des Studierendenwerks Aachen,https://www.rwth-aachen.de/global/show_document.asp?id=aaaaaaaabowayfw,19.07.2022,2022/084,Ordnung,,,Comp. Aided Conception/Production in Mech. Engin. (privatrechtlich),
257,Gleichstellungsquote für den Zeitraum 01.10.2021 bis 30.09.2024,https://www.rwth-aachen.de/global/show_document.asp?id=aaaaaaaaboqlhup,08.07.2022,2022/080,Ordnung,30.09.2024,,Comp. Aided Conception/Production in Mech. Engin. (privatrechtlich),
258,Dienstanweisung 7.6 Liquiditätsmanagement (Kasse),https://www.rwth-aachen.de/global/show_document.asp?id=aaaaaaaabomihqc,04.07.2022,2022/079,Sonstiges,,,Comp. Aided Conception/Production in Mech. Engin. (privatrechtlich),
259,Jahresabschluss des Studierendenwerks Aachen - Anstalt des öffentlichen Rechts - für das Geschäftsjahr vom 1. Januar bis zum 31. Dezember 2020,https://www.rwth-aachen.de/global/show_document.asp?id=aaaaaaaaboiayfm,27.06.2022,2022/074,Sonstiges,,,Comp. Aided Conception/Production in Mech. Engin. (privatrechtlich),
260,"Prüfungsordnung Betriebswirtschaftslehre (Business Administration), Bachelor, (10/2019)",https://www.rwth-aachen.de/global/show_document.asp?id=aaaaaaaaboiahvo,27.06.2022,2022/072,6. Änderungsordnung (Gesamtfassung),31.03.2026,2019,Comp. Aided Conception/Production in Mech. Engin. (privatrechtlich),
261,"Prüfungsordnung Betriebswirtschaftslehre (Business Administration), Bachelor, (10/2021)",https://www.rwth-aachen.de/global/show_document.asp?id=aaaaaaaaboiadau,27.06.2022,2022/071,2. Änderungsordnung (Gesamtfassung),,2021,Comp. Aided Conception/Production in Mech. Engin. (privatrechtlich),
262,Dienstanweisung für die Finanzbuchhaltung an der RWTH Aachen,https://www.rwth-aachen.de/global/show_document.asp?id=aaaaaaaabohxpac,27.06.2022,2022/070,Sonstiges,,,Comp. Aided Conception/Production in Mech. Engin. (privatrechtlich),
263,Auswahlkriterien Auswahlverfahren im Studiengängen Zahnmedizin ab dem Wintersemester 2020/2021,https://www.rwth-aachen.de/global/show_document.asp?id=aaaaaaaaboekwrg,22.06.2022,2022/069,Ordnung,,,Comp. Aided Conception/Production in Mech. Engin. (privatrechtlich),
264,Auswahlkriterien Auswahlverfahren im Studiengang Humanmedizin ab dem Wintersemester 2020/2021,https://www.rwth-aachen.de/global/show_document.asp?id=aaaaaaaaboekujf,22.06.2022,2022/068,Ordnung,,,Comp. Aided Conception/Production in Mech. Engin. (privatrechtlich),
265,Fachschaftsordnung 1/3 Biowissenschaften,https://www.rwth-aachen.de/global/show_document.asp?id=aaaaaaaaboekqwe,22.06.2022,2022/067,4. Änderungsordnung (Gesamtfassung),,,Comp. Aided Conception/Production in Mech. Engin. (privatrechtlich),
266,"Fakultätsordnung, Mathematik, Informatik und Naturwissenschaften",https://www.rwth-aachen.de/global/show_document.asp?id=aaaaaaaabnpyvrt,02.06.2022,2022/060,8. Änderungsordnung (Gesamtfassung),,,Comp. Aided Conception/Production in Mech. Engin. (privatrechtlich),
267,Promotionsordnung Fakultät Wirtschaftswissenschaften,https://www.rwth-aachen.de/global/show_document.asp?id=aaaaaaaabnlljxc,27.05.2022,2022/058,7. Änderungsordnung (Gesamtfassung),,,Comp. Aided Conception/Production in Mech. Engin. (privatrechtlich),
268,"Prüfungsordnung Politikwissenschaft, Master, (10/2022)",https://www.rwth-aachen.de/global/show_document.asp?id=aaaaaaaabnlkvau,27.05.2022,2022/057,Ordnung,,2022,Comp. Aided Conception/Production in Mech. Engin. (privatrechtlich),
269,"Prüfungsordnung berufliche Fachrichtung Textiltechnik, Lehramt an Berufskollegs, Bachelor, (10/2022)",https://www.rwth-aachen.de/global/show_document.asp?id=aaaaaaaablynhiv,12.04.2022,2022/046,Ordnung,,2022,Comp. Aided Conception/Production in Mech. Engin. (privatrechtlich),
270,Leitlinie guter Beschäftigungsbedingungen für das Personal,https://www.rwth-aachen.de/global/show_document.asp?id=aaaaaaaablmtazx,01.04.2022,2022/028,Berichtigung der Richtlinie,,,Comp. Aided Conception/Production in Mech. Engin. (privatrechtlich),
271,"Prüfungsordnung, Literatur- und Sprachwissenschaft, Master, (10/2015)",https://www.rwth-aachen.de/global/show_document.asp?id=aaaaaaaablgbaht,25.03.2022,2022/023,Berichtigung der 5. Änderungsordnung (Gesamtfassung),31.03.2026,2015,Comp. Aided Conception/Production in Mech. Engin. (privatrechtlich),
272,"Prüfungsordnung Data Analytics and Decision Science, Master, (10/2019)",https://www.rwth-aachen.de/global/show_document.asp?id=aaaaaaaabkhzhiu,02.03.2022,2022/017,4. Änderungsordnung (Gesamtfassung),,2019,Comp. Aided Conception/Production in Mech. Engin. (privatrechtlich),
273,"Prüfungsordnung Governance von Technologie und Innovation, Master, (10/2019)",https://www.rwth-aachen.de/global/show_document.asp?id=aaaaaaaabkgceiu,25.02.2022,2022/015,1. Änderungsordnung (Gesamtfassung),,2019,Comp. Aided Conception/Production in Mech. Engin. (privatrechtlich),
274,"Prüfungsordnung Germanistische und Allgemeine Literaturwissenschaften ,Master (10/2022 s)",https://www.rwth-aachen.de/global/show_document.asp?id=aaaaaaaabjuqbqw,11.02.2022,2022/012,Ordnung,,2022 s,Comp. Aided Conception/Production in Mech. Engin. (privatrechtlich),
275,"Prüfungsordnung, Literatur- und Sprachwissenschaft, Master, (10/2015)",https://www.rwth-aachen.de/global/show_document.asp?id=aaaaaaaabkactzd,10.02.2022,2022/009,5. Änderungsordnung (Gesamtfassung),31.03.2026,2015,Comp. Aided Conception/Production in Mech. Engin. (privatrechtlich),
276,"Prüfungsordnung berufliche Fachrichtung Wirtschaftswissenschaft, Lehramt an Berufskollegs, Master, (10/2017)",https://www.rwth-aachen.de/global/show_document.asp?id=aaaaaaaabjtlgct,10.02.2022,2022/007,5. Änderungsordnung (Gesamtfassung),,2017,Comp. Aided Conception/Production in Mech. Engin. (privatrechtlich),
277,"Fakultätsordnung, Bauingenieurwesen",https://www.rwth-aachen.de/global/show_document.asp?id=aaaaaaaabiranjv,10.01.2022,2022/001,4. Änderungsordnung (Gesamtfassung),,,Comp. Aided Conception/Production in Mech. Engin. (privatrechtlich),
278,Publikationsrichtlinie der Rheinisch-Westfälischen Technischen Hochschule Aachen,https://www.rwth-aachen.de/global/show_document.asp?id=aaaaaaaabijvsxp,23.12.2021,2021/211,1. Änderungsordnung (Gesamtfassung),,,Comp. Aided Conception/Production in Mech. Engin. (privatrechtlich),
279,"Richtlinien zur Vergabe, Förderung und Durchführung von Langzeitfellowship-Programmen an der RWTH Aachen",https://www.rwth-aachen.de/global/show_document.asp?id=aaaaaaaabijveay,23.12.2021,2021/210,Richtlinie,,,Comp. Aided Conception/Production in Mech. Engin. (privatrechtlich),
280,Wahlordnung für die Wahlen zum Senat und zu den Fakultätsräten,https://www.rwth-aachen.de/global/show_document.asp?id=aaaaaaaabieuqxf,15.12.2021,2021/209,7. Änderungsordnung (Gesamtfassung),,,Comp. Aided Conception/Production in Mech. Engin. (privatrechtlich),
281,Verfahrensordnung der Rheinisch-Westfälischen Technischen Hochschule Aachen,https://www.rwth-aachen.de/global/show_document.asp?id=aaaaaaaabiettod,15.12.2021,2021/208,9. Änderungsordnung (Gesamtfassung),,,Comp. Aided Conception/Production in Mech. Engin. (privatrechtlich),
282,"Prüfungsordnung Wirtschaftsingenieurwesen Fachrichtung Maschinenbau, Bachelor, (10/2011 s)",https://www.rwth-aachen.de/global/show_document.asp?id=aaaaaaaabiemjdo,15.12.2021,2021/205,6. Änderungsordnung (Gesamtfassung),30.09.2024,2011 s,Comp. Aided Conception/Production in Mech. Engin. (privatrechtlich),
283,"Prüfungsordnung Unterrichtsfach Katholische Religionslehre, Master, Lehramt an Gymnasien und Gesamtschulen (10/2017)",https://www.rwth-aachen.de/global/show_document.asp?id=aaaaaaaabiaztdt,09.12.2021,2021/201,1. Änderungsordnung (Gesamtfassung),,2017,Comp. Aided Conception/Production in Mech. Engin. (privatrechtlich),
284,"Prüfungsordnung Unterrichtsfach Katholische Religionslehre, Master, Lehramt an Berufskollegs (10/2017)",https://www.rwth-aachen.de/global/show_document.asp?id=aaaaaaaabialaar,08.12.2021,2021/200,1. Änderungsordnung (Gesamtfassung),,2017,Comp. Aided Conception/Production in Mech. Engin. (privatrechtlich),
285,"Prüfungsordnung Physik Plus, Bachelor, (10/2020)",https://www.rwth-aachen.de/global/show_document.asp?id=aaaaaaaabiafuvb,08.12.2021,2021/197,3. Änderungsordnung (Gesamtfassung),30.09.2028,2020,Comp. Aided Conception/Production in Mech. Engin. (privatrechtlich),
286,"Prüfungsordnung Physik, Bachelor, (10/2012 s)",https://www.rwth-aachen.de/global/show_document.asp?id=aaaaaaaabiafigo,08.12.2021,2021/196,3. Änderungsordnung (Gesamtfassung),31.03.2027,2012 s,Comp. Aided Conception/Production in Mech. Engin. (privatrechtlich),
287,Fachschaftsordnung 1/2 Chemie,https://www.rwth-aachen.de/global/show_document.asp?id=aaaaaaaabiaaylg,08.12.2021,2021/194,6. Änderungsordnung (Gesamtfassung),,,Comp. Aided Conception/Production in Mech. Engin. (privatrechtlich),
288,"Prüfungsordnung Wirtschaftsingenieurwesen (Fachrichtung Elektrische Energietechnik), Master, (10/2015)",https://www.rwth-aachen.de/global/show_document.asp?id=aaaaaaaabhbkskk,12.11.2021,2021/190,Berichtigung der 4. Änderungsordnung (Gesamtfassung),,2015,Comp. Aided Conception/Production in Mech. Engin. (privatrechtlich),
289,"Prüfungsordnung Unterrichtsfach Biologie, Lehramt an Gymnasien und Gesamtschulen, Master, (10/2017)",https://www.rwth-aachen.de/global/show_document.asp?id=aaaaaaaabfytjos,18.10.2021,2021/182,Berichtigung der 2. Änderungsordnung (Gesamtfassung),31.03.2028,2017,Comp. Aided Conception/Production in Mech. Engin. (privatrechtlich),
290,"Prüfungsordnung Unterrichtsfach Biologie, Lehramt an Berufskollegs, Master, (10/2017)",https://www.rwth-aachen.de/global/show_document.asp?id=aaaaaaaabfytfdz,18.10.2021,2021/181,Berichtigung der 2. Änderungsordnung (Gesamtfassung),31.03.2028,2017,Comp. Aided Conception/Production in Mech. Engin. (privatrechtlich),
291,"Prüfungsordnung Computational Engineering Science, Bachelor, (10/2011 s)",https://www.rwth-aachen.de/global/show_document.asp?id=aaaaaaaabfyszxt,18.10.2021,2021/180,5. Änderungsordnung (Gesamtfassung),,2011 s,Comp. Aided Conception/Production in Mech. Engin. (privatrechtlich),
292,"Prüfungsordnung Computational Engineering Science, Master, (04/2011 s)",https://www.rwth-aachen.de/global/show_document.asp?id=aaaaaaaabfqhbjj,08.10.2021,2021/177,6. Änderungsordnung (Gesamtfassung),,2011 s,Comp. Aided Conception/Production in Mech. Engin. (privatrechtlich),
293,Geschäftsordnung für das Planning and Allocation Committee,https://www.rwth-aachen.de/global/show_document.asp?id=aaaaaaaabfjjgtt,04.10.2021,2021/173,Ordnung,,,Comp. Aided Conception/Production in Mech. Engin. (privatrechtlich),
294,"Prüfungsordnung Betriebswirtschaftslehre (Business Administration), Master, (10/2013)",https://www.rwth-aachen.de/global/show_document.asp?id=aaaaaaaabfcenye,28.09.2021,2021/171,9. Änderungsordnung (Gesamtfassung),30.09.2024,2013,Comp. Aided Conception/Production in Mech. Engin. (privatrechtlich),
295,"Prüfungsordnung Chemie, Bachelor, (10/2021)",https://www.rwth-aachen.de/global/show_document.asp?id=aaaaaaaabetrawe,21.09.2021,2021/161,Ordnung,,2021,Comp. Aided Conception/Production in Mech. Engin. (privatrechtlich),
296,"Prüfungsordnung Große beruflichen Fachrichtung Maschinenbautechnik, Lehramt an Berufkollegs, Master, (10/2020)",https://www.rwth-aachen.de/global/show_document.asp?id=aaaaaaaabefsyno,07.09.2021,2021/150,1. Änderungsordnung (Gesamtfassung),,2020,Comp. Aided Conception/Production in Mech. Engin. (privatrechtlich),
297,"Prüfungsordnung berufliche Fachrichtung Maschinenbautechnik, Master, Lehramt an Berufskollegs (10/2021)",https://www.rwth-aachen.de/global/show_document.asp?id=aaaaaaaabefrlkw,07.09.2021,2021/148,Ordnung,,2021,Comp. Aided Conception/Production in Mech. Engin. (privatrechtlich),
298,"Prüfungsordnung berufliche Fachrichtung Maschinenbautechnik, Master, Lehramt an Berufskollegs (10/2017)",https://www.rwth-aachen.de/global/show_document.asp?id=aaaaaaaabefqiis,07.09.2021,2021/147,2. Änderungsordnung (Gesamtfassung),31.03.2029,2017,Comp. Aided Conception/Production in Mech. Engin. (privatrechtlich),
299,"Prüfungsordnung Psychologie, Bachelor, (10/2019)",https://www.rwth-aachen.de/global/show_document.asp?id=aaaaaaaabeezshn,06.09.2021,2021/143,1. Änderungsordnung (Gesamtfassung),30.09.2027,2019,Comp. Aided Conception/Production in Mech. Engin. (privatrechtlich),
300,"Prüfungsordnung Empirische Bildungsforschung, Master, (10/2014)",https://www.rwth-aachen.de/global/show_document.asp?id=aaaaaaaabeezath,06.09.2021,2021/142,1. Änderungsordnung (Gesamtfassung),,2014,Comp. Aided Conception/Production in Mech. Engin. (privatrechtlich),
301,"Prüfungsordnung Digitale Medienkommunikation, Master, (10/2021)",https://www.rwth-aachen.de/global/show_document.asp?id=aaaaaaaabdveifx,27.08.2021,2021/141,Ordnung,,2021,Comp. Aided Conception/Production in Mech. Engin. (privatrechtlich),
302,Habilitationsordnung Medizinische Fakultät,https://www.rwth-aachen.de/global/show_document.asp?id=aaaaaaaabdvdvat,27.08.2021,2021/140,2. Änderungsordnung (Gesamtfassung),,,Comp. Aided Conception/Production in Mech. Engin. (privatrechtlich),
303,"Prüfungsordnung Mathematik, Bachelor, (10/2021)",https://www.rwth-aachen.de/global/show_document.asp?id=aaaaaaaabdiaquk,10.08.2021,2021/136,Ordnung,,2021,Comp. Aided Conception/Production in Mech. Engin. (privatrechtlich),
304,Promotionsordnung Fakultät Elektrotechnik und Informationstechnik,https://www.rwth-aachen.de/global/show_document.asp?id=aaaaaaaabdhzjbf,10.08.2021,2021/134,4. Änderungsordnung (Gesamtfassung),,,Comp. Aided Conception/Production in Mech. Engin. (privatrechtlich),
305,Fachschaftsordnung 10/1 Medizin,https://www.rwth-aachen.de/global/show_document.asp?id=aaaaaaaabdhxend,10.08.2021,2021/130,2. Änderungsordnung (Gesamtfassung),,,Comp. Aided Conception/Production in Mech. Engin. (privatrechtlich),
306,"Ethik: Satzung der Ethikkommission, Fachgruppe Empirische Humanwissenschaften, Philosophische Fakultät",https://www.rwth-aachen.de/global/show_document.asp?id=aaaaaaaabdcnvmf,03.08.2021,2021/129,2. Änderungsordnung (Gesamtfassung),,,Comp. Aided Conception/Production in Mech. Engin. (privatrechtlich),
307,"Prüfungsordnung Wirtschaftsingenieurwesen (Fachrichtung Werkstoff- und Prozesstechnik), Master, (10/2015)",https://www.rwth-aachen.de/global/show_document.asp?id=aaaaaaaabdbpmsk,02.08.2021,2021/125,6. Änderungsordnung (Gesamtfassung),,2015,Comp. Aided Conception/Production in Mech. Engin. (privatrechtlich),
308,"Prüfungsordnung Wirtschaftsingenieurwesen (Fachrichtung Elektrische Energietechnik), Master, (10/2015)",https://www.rwth-aachen.de/global/show_document.asp?id=aaaaaaaabcxntuo,27.07.2021,2021/115,4. Änderungsordnung (Gesamtfassung),,2015,Comp. Aided Conception/Production in Mech. Engin. (privatrechtlich),
309,"Prüfungsordnung Unterrichtsfach Biologie, Lehramt an Berufskollegs, Master, (10/2017)",https://www.rwth-aachen.de/global/show_document.asp?id=aaaaaaaabcdgvwa,01.07.2021,2021/107,2. Änderungsordnung (Gesamtfassung),31.03.2028,2017,Comp. Aided Conception/Production in Mech. Engin. (privatrechtlich),
310,"Prüfungsordnung Unterrichtsfach Biologie, Lehramt an Gymnasien und Gesamtschulen, Master, (10/2017)",https://www.rwth-aachen.de/global/show_document.asp?id=aaaaaaaabcdgqtw,01.07.2021,2021/106,2. Änderungsordnung (Gesamtfassung),31.03.2028,2017,Comp. Aided Conception/Production in Mech. Engin. (privatrechtlich),
311,"Prüfungsordnung Unterrichtsfach Biologie, Lehramt an Berufskollegs, Bachelor, (10/2017)",https://www.rwth-aachen.de/global/show_document.asp?id=aaaaaaaabcdgcvm,01.07.2021,2021/105,2. Änderungsordnung (Gesamtfassung),31.03.2028,2017,Comp. Aided Conception/Production in Mech. Engin. (privatrechtlich),
312,"Prüfungsordnung Unterrichtsfach Biologie, Lehramt an Gymnasien und Gesamtschulen, Bachelor, (10/2017)",https://www.rwth-aachen.de/global/show_document.asp?id=aaaaaaaabcdfhdb,01.07.2021,2021/104,2. Änderungsordnung (Gesamtfassung),31.03.2028,2017,Comp. Aided Conception/Production in Mech. Engin. (privatrechtlich),
313,Ordnung für die Deutsche Sprachprüfung für den Hochschulzugang ausländischer Studienbewerberinnen und Studienbewerber (DSH),https://www.rwth-aachen.de/global/show_document.asp?id=aaaaaaaabbznxcs,28.06.2021,2021/103,Ordnung,,,Comp. Aided Conception/Production in Mech. Engin. (privatrechtlich),
314,"Prüfungsordnung Soziologie, Master, (10/2021)",https://www.rwth-aachen.de/global/show_document.asp?id=aaaaaaaabawdsvk,25.05.2021,2021/095,Berichtigung der Ordnung,31.03.2027,2021,Comp. Aided Conception/Production in Mech. Engin. (privatrechtlich),
315,"Ordnung zur Verleihung -außerplanmäßige Professorin-, außerplanmäßiger Professor, -Honorarprofessorin und Honorarprofessor-",https://www.rwth-aachen.de/global/show_document.asp?id=aaaaaaaaaejcefk,10.05.2021,2021/092,4. Änderungsordnung (Gesamtfassung),,,Comp. Aided Conception/Production in Mech. Engin. (privatrechtlich),
316,"Richtlinien zur Aufbewahrung, Aussonderung, Archivierung und Vernichtung von Akten und Unterlagen",https://www.rwth-aachen.de/global/show_document.asp?id=aaaaaaaabafvdxi,04.05.2021,2021/088,1. Änderungsordnung (Gesamtfassung),,,Comp. Aided Conception/Production in Mech. Engin. (privatrechtlich),
317,"Prüfungsordnung Soziologie, Master, (10/2021)",https://www.rwth-aachen.de/global/show_document.asp?id=aaaaaaaabaahyot,29.04.2021,2021/087,Ordnung,31.03.2027,2021,Comp. Aided Conception/Production in Mech. Engin. (privatrechtlich),
318,"Prüfungsordnung Production Systems Engineering, Master, (10/2013)",https://www.rwth-aachen.de/global/show_document.asp?id=aaaaaaaabaagqyo,29.04.2021,2021/084,8. Änderungsordnung,,2013,Comp. Aided Conception/Production in Mech. Engin. (privatrechtlich),
319,"Prüfungsordnung Politikwissenschaft, Master, (10/2014 s)",https://www.rwth-aachen.de/global/show_document.asp?id=aaaaaaaaazvqmjo,23.04.2021,2021/079,2. Änderungsordnung (Gesamtfassung),30.09.2025,2014 s,Comp. Aided Conception/Production in Mech. Engin. (privatrechtlich),
320,"Prüfungsordnung Deutsch als Zweitsprache, Zertifikat",https://www.rwth-aachen.de/global/show_document.asp?id=aaaaaaaaazfvvai,06.04.2021,2021/073,Ordnung,,,Comp. Aided Conception/Production in Mech. Engin. (privatrechtlich),
321,"Prüfungsordnung Materialwissenschaften, Master, (10/2011 s)",https://www.rwth-aachen.de/global/show_document.asp?id=aaaaaaaaazeivbg,01.04.2021,2021/068,1. Änderungsordnung (Gesamtfassung),,2011 s,Comp. Aided Conception/Production in Mech. Engin. (privatrechtlich),
322,"Prüfungsordnung Materialwissenschaften, Bachelor, (10/2017)",https://www.rwth-aachen.de/global/show_document.asp?id=aaaaaaaaayzitlb,26.03.2021,2021/063,1. Änderungsordnung (Gesamtfassung),30.09.2027,2017,Comp. Aided Conception/Production in Mech. Engin. (privatrechtlich),
323,"Prüfungsordnung Unterrichtsfach Wirtschaftslehre/Politik, Master, Lehramt an Berufskollegs (10/2020)",https://www.rwth-aachen.de/global/show_document.asp?id=aaaaaaaaayotfrn,17.03.2021,2021/054,1. Änderungsordnung (Gesamtfassung),,2020,Comp. Aided Conception/Production in Mech. Engin. (privatrechtlich),
324,"Prüfungsordnung Cognitive, Digital and Empirical English Studies, Master, (10/2021)",https://www.rwth-aachen.de/global/show_document.asp?id=aaaaaaaaaycgknq,04.03.2021,2021/047,Ordnung,,2021,Comp. Aided Conception/Production in Mech. Engin. (privatrechtlich),
325,"Prüfungsordnung Laboratory Animal Science, Master, (10/2014 s)",https://www.rwth-aachen.de/global/show_document.asp?id=aaaaaaaaaycgfim,04.03.2021,2021/045,1. Änderungsordnung (Gesamtfassung),,2014 s,Comp. Aided Conception/Production in Mech. Engin. (privatrechtlich),
326,Berufungsordnung,https://www.rwth-aachen.de/global/show_document.asp?id=aaaaaaaaaxegibn,04.02.2021,2021/025,4. Änderungsordnung (Gesamtfassung),,,Comp. Aided Conception/Production in Mech. Engin. (privatrechtlich),
327,Ordnung zur Zwischenevaluation von Juniorprofessorinnen und Juniorprofessoren,https://www.rwth-aachen.de/global/show_document.asp?id=aaaaaaaaaxefppg,04.02.2021,2021/024,Ordnung,,,Comp. Aided Conception/Production in Mech. Engin. (privatrechtlich),
328,Ordnung zum Tenure-Track-Verfahren an der RWTH-Aachen,https://www.rwth-aachen.de/global/show_document.asp?id=aaaaaaaaaxeferh,04.02.2021,2021/023,2. Änderungsordnung (Gesamtfassung),,,Comp. Aided Conception/Production in Mech. Engin. (privatrechtlich),
329,"Prüfungsordnung Mathematik, Bachelor, (10/2016)",https://www.rwth-aachen.de/global/show_document.asp?id=aaaaaaaaawqlcdx,13.01.2021,2021/019,Berichtigung der 5. Änderungsordnung (Gesamtfassung),30.09.2026,2016,Comp. Aided Conception/Production in Mech. Engin. (privatrechtlich),
330,Fachschaftsordnung 7/1 Philosophie,https://www.rwth-aachen.de/global/show_document.asp?id=aaaaaaaaawqivxo,20.01.2021,2021/014,6. Änderungsordnung (Gesamtfassung),,,Comp. Aided Conception/Production in Mech. Engin. (privatrechtlich),
331,"Prüfungsordnung Periodontology, Master, 102021)",https://www.rwth-aachen.de/global/show_document.asp?id=aaaaaaaaawqigth,20.01.2021,2021/013,Ordnung,,,Comp. Aided Conception/Production in Mech. Engin. (privatrechtlich),
332,"Prüfungsordnung Unterrichtsfach Physik, Bachelor, Lehramt an Gymnasien und Gesamtschulen, (10/2017)",https://www.rwth-aachen.de/global/show_document.asp?id=aaaaaaaaawqhvbe,20.01.2021,2021/012,Berichtigung der 3. Änderungsordnung (Gesamtfassung),31.03.2027,2017,Comp. Aided Conception/Production in Mech. Engin. (privatrechtlich),
333,Geschäftsordnung des Fachschaftsrates der Fachschaft 5/2 Materialwissenschaft und Werkstofftechnik,https://www.rwth-aachen.de/global/show_document.asp?id=aaaaaaaaawfgqga,08.01.2021,2021/010,3. Änderungsordnung (Gesamtfassung),,,Comp. Aided Conception/Production in Mech. Engin. (privatrechtlich),
334,Fachschaftsordnung 5/2 Materialwissenschaft und Werkstofftechnik,https://www.rwth-aachen.de/global/show_document.asp?id=aaaaaaaaawfgkck,08.01.2021,2021/009,5. Änderungsordnung (Gesamtfassung),,,Comp. Aided Conception/Production in Mech. Engin. (privatrechtlich),
335,Grundsätze für akademische Ehrungen und Auszeichnungen,https://www.rwth-aachen.de/global/show_document.asp?id=aaaaaaaaavxkpli,18.12.2020,2020/211,6. Änderungsordnung (Gesamtfassung),,,Comp. Aided Conception/Production in Mech. Engin. (privatrechtlich),
336,"Prüfungsordnung Angewandte Geographie, Bachelor, (10/2013 s)",https://www.rwth-aachen.de/global/show_document.asp?id=aaaaaaaaavtixcm,15.12.2020,2020/203,4. Änderungsordnung (Gesamtfassung),,2013 s,Comp. Aided Conception/Production in Mech. Engin. (privatrechtlich),
337,"Gesamtprüfungsordnung Elektrotechnik mit Orientierungssemester, Bachelor, (10/2018)",https://www.rwth-aachen.de/global/show_document.asp?id=aaaaaaaaaviyqgq,03.12.2020,2020/194,2. Änderungsordnung (Gesamtfassung),,2018,Comp. Aided Conception/Production in Mech. Engin. (privatrechtlich),
338,Fachschaftsordnung 10/2 Zahnmedizin,https://www.rwth-aachen.de/global/show_document.asp?id=aaaaaaaaaviycze,03.12.2020,2020/193,1. Änderungsordnung (Gesamtfassung),,,Comp. Aided Conception/Production in Mech. Engin. (privatrechtlich),
339,Fachschaftsordnung 3 Bauingenieurwesen,https://www.rwth-aachen.de/global/show_document.asp?id=aaaaaaaaavhnicf,02.12.2020,2020/190,3. Änderungsordnung (Gesamtfassung),,,Comp. Aided Conception/Production in Mech. Engin. (privatrechtlich),
340,Geschäftsordnung der Obleuteversammlung des Sportreferats der Studierendenschaft der RWTH Aachen,https://www.rwth-aachen.de/global/show_document.asp?id=aaaaaaaaaveanvz,26.11.2020,2020/187,1. Änderungsordnung (Gesamtfassung),,,Comp. Aided Conception/Production in Mech. Engin. (privatrechtlich),
341,"Prüfungsordnung Unterrichtsfach Physik, Bachelor, Lehramt an Gymnasien und Gesamtschulen, (10/2017)",https://www.rwth-aachen.de/global/show_document.asp?id=aaaaaaaaaveabys,26.11.2020,2020/186,3. Änderungsordnung (Gesamtfassung),31.03.2027,2017,Comp. Aided Conception/Production in Mech. Engin. (privatrechtlich),
342,"Prüfungsordnung Unterrichtsfach Physik, Bachelor, Lehramt an Berufskollegs, (10/2017)",https://www.rwth-aachen.de/global/show_document.asp?id=aaaaaaaaavdzvhl,26.11.2020,2020/185,3. Änderungsordnung (Gesamtfassung),31.03.2027,2017,Comp. Aided Conception/Production in Mech. Engin. (privatrechtlich),
343,"Prüfungsordnung Mathematik, Master, (10/2018)",https://www.rwth-aachen.de/global/show_document.asp?id=aaaaaaaaavatkug,23.11.2020,2020/183,2. Änderungsordnung (Gesamtfassung),31.03.2027,2018,Comp. Aided Conception/Production in Mech. Engin. (privatrechtlich),
344,"Prüfungsordnung Mathematik, Bachelor, (10/2016)",https://www.rwth-aachen.de/global/show_document.asp?id=aaaaaaaaavateok,23.11.2020,2020/182,5. Änderungsordnung (Gesamtfassung),30.09.2026,2016,Comp. Aided Conception/Production in Mech. Engin. (privatrechtlich),
345,Satzung des Kompetenzzentrums MINT-L4@RWTH,https://www.rwth-aachen.de/global/show_document.asp?id=aaaaaaaaaucaaow,30.10.2020,2020/173,1. Änderungsordnung (Gesamtfassung),,,Comp. Aided Conception/Production in Mech. Engin. (privatrechtlich),
346,"Prüfungsordnung Große berufliche Fachrichtung Bautechnik, Bachelor, Lehramt an Berufskollegs, (10/2020)",https://www.rwth-aachen.de/global/show_document.asp?id=aaaaaaaaaubyiik,30.10.2020,2020/171,Ordnung,31.03.2026,2020,Comp. Aided Conception/Production in Mech. Engin. (privatrechtlich),
347,"Prüfungsordnung berufliche Fachrichtung Bautechnik, Bachelor, Lehramt an Berufskollegs, (10/2020)",https://www.rwth-aachen.de/global/show_document.asp?id=aaaaaaaaaubxwtm,30.10.2020,2020/170,Ordnung,,2020,Comp. Aided Conception/Production in Mech. Engin. (privatrechtlich),
348,"Prüfungsordnung berufliche Fachrichtung Maschinenbau, Bachelor, Lehramt an Berufskollegs (10/2020)",https://www.rwth-aachen.de/global/show_document.asp?id=aaaaaaaaatfufeb,12.10.2020,2020/167,Ordnung,,2020,Comp. Aided Conception/Production in Mech. Engin. (privatrechtlich),
349,Habilitationsordnung Fakultät für Elektrotechnik und Informationstechnik,https://www.rwth-aachen.de/global/show_document.asp?id=aaaaaaaaasvbthf,07.10.2020,2020/165,2. Änderungsordnung (Gesamtfassung),,,Comp. Aided Conception/Production in Mech. Engin. (privatrechtlich),
350,"Prüfungsordnung Unterrichtsfach Deutsch, Master, Lehramt an Berufskollegs (10/2020)",https://www.rwth-aachen.de/global/show_document.asp?id=aaaaaaaaarfelag,18.08.2020,2020/145,Ordnung,,2020,Comp. Aided Conception/Production in Mech. Engin. (privatrechtlich),
351,"Prüfungsordnung Unterrichtsfach Deutsch, Master, Lehramt an Gymnasien und Gesamtschulen (10/2020)",https://www.rwth-aachen.de/global/show_document.asp?id=aaaaaaaaarfedne,18.08.2020,2020/144,Ordnung,,2020,Comp. Aided Conception/Production in Mech. Engin. (privatrechtlich),
352,CLUSTERSTATUT ML4Q,https://www.rwth-aachen.de/global/show_document.asp?id=aaaaaaaaaqujbrr,05.08.2020,2020/138,Sonstiges,,,Comp. Aided Conception/Production in Mech. Engin. (privatrechtlich),
353,"Prüfungsordnung Unterrichtsfach Deutsch, Bachelor, Lehramt an Berufskollegs, (10/2020)",https://www.rwth-aachen.de/global/show_document.asp?id=aaaaaaaaaqkgzvv,22.07.2020,2020/127,Ordnung,,2020,Comp. Aided Conception/Production in Mech. Engin. (privatrechtlich),
354,"Prüfungsordnung Unterrichtsfach Deutsch, Bachelor, Lehramt an Gymnasien und Gesamtschulen, (10/2020)",https://www.rwth-aachen.de/global/show_document.asp?id=aaaaaaaaaqkgsqv,22.07.2020,2020/126,Ordnung,,2020,Comp. Aided Conception/Production in Mech. Engin. (privatrechtlich),
355,"Prüfungsordnung Unterrichtsfach Englisch, Master, Lehramt an Berufskollegs, (10/2020)",https://www.rwth-aachen.de/global/show_document.asp?id=aaaaaaaaaqkgmoh,22.07.2020,2020/125,Berichtigung der Ordnung,,2020,Comp. Aided Conception/Production in Mech. Engin. (privatrechtlich),
356,"Prüfungsordnung Unterrichtsfach Englisch, Master, Lehramt an Gymnasien und Gesamtschulen, (10/2020)",https://www.rwth-aachen.de/global/show_document.asp?id=aaaaaaaaaqkgnhj,22.07.2020,2020/124,Berichtigung der Ordnung,,2020,Comp. Aided Conception/Production in Mech. Engin. (privatrechtlich),
357,"Prüfungsordnung Unterrichtsfach Englisch, Bachelor, Lehramt an Berufskollegs, (10/2020)",https://www.rwth-aachen.de/global/show_document.asp?id=aaaaaaaaaqhfncj,17.07.2020,2020/123,Berichtigung der Ordnung,,2020,Comp. Aided Conception/Production in Mech. Engin. (privatrechtlich),
358,"Prüfungsordnung Unterrichtsfach Englisch, Bachelor, Lehramt an Gymnasien und Gesamtschulen, (10/2020)",https://www.rwth-aachen.de/global/show_document.asp?id=aaaaaaaaaqhfmha,17.07.2020,2020/122,Berichtigung der Ordnung,,2020,Comp. Aided Conception/Production in Mech. Engin. (privatrechtlich),
359,"Fakultätsordnung, Maschinenwesen",https://www.rwth-aachen.de/global/show_document.asp?id=aaaaaaaaaqcuupy,13.07.2020,2020/116,8. Änderungsordnung (Gesamtfassung),,,Comp. Aided Conception/Production in Mech. Engin. (privatrechtlich),
360,Gleichstellungsquote für Berufungen mit Tenure Track,https://www.rwth-aachen.de/global/show_document.asp?id=aaaaaaaaaqcnrar,10.07.2020,2020/115,Sonstiges,30.09.2024,,Comp. Aided Conception/Production in Mech. Engin. (privatrechtlich),
361,"Ethik: Satzung der Ethik-Kommission, Medizinischen Fakultät",https://www.rwth-aachen.de/global/show_document.asp?id=aaaaaaaaapvwdgs,03.07.2020,2020/103,2. Änderungsordnung (Gesamtfassung),,,Comp. Aided Conception/Production in Mech. Engin. (privatrechtlich),
362,"Benutzungsordnung, Hochschulbibliothek",https://www.rwth-aachen.de/global/show_document.asp?id=aaaaaaaaaprakfm,29.06.2020,2020/102,1. Änderungsordnung (Gesamtfassung),,,Comp. Aided Conception/Production in Mech. Engin. (privatrechtlich),
363,Geschäftsordnung des Hochschulrates,https://www.rwth-aachen.de/global/show_document.asp?id=aaaaaaaaapcvckz,09.06.2020,2020/089,5. Änderungsordnung (Gesamtfassung),,,Comp. Aided Conception/Production in Mech. Engin. (privatrechtlich),
364,"Prüfungsordnung berufliche Fachrichtung Textiltechnik, Lehramt an Berufskollegs, Bachelor, (10/2017)",https://www.rwth-aachen.de/global/show_document.asp?id=aaaaaaaaaokihdh,26.05.2020,2020/079,1. Änderungsordnung (Gesamtfassung),31.03.2028,2017,Comp. Aided Conception/Production in Mech. Engin. (privatrechtlich),
365,"Prüfungsordnung Technology Entrepreneurship, Master, (10/2020)",https://www.rwth-aachen.de/global/show_document.asp?id=aaaaaaaaaokhvwx,26.05.2020,2020/078,1. Änderungsordnung (Gesamtfassung),,2020,Comp. Aided Conception/Production in Mech. Engin. (privatrechtlich),
366,Satzung für das Auswahlverfahren in bundesweit zulassungsbeschränkten Studiengängen,https://www.rwth-aachen.de/global/show_document.asp?id=aaaaaaaaanwqahe,06.05.2020,2020/065,Ordnung,,,Comp. Aided Conception/Production in Mech. Engin. (privatrechtlich),
367,Ergänzende Bestimmungen des Graduiertenkollegs Mittelstadt als Mitmachstadt -zur Rahmenordnung der Rheinisch-Westfälische Technische Hochschule Aachen zur Vergabe von Stipendien (Stipendienrahmenordnung)-,https://www.rwth-aachen.de/global/show_document.asp?id=aaaaaaaaantxjav,30.04.2020,2020/064,Sonstiges,,,Comp. Aided Conception/Production in Mech. Engin. (privatrechtlich),
368,"Prüfungsordnung Unterrichtsfach Englisch, Master, Lehramt an Berufskollegs, (10/2020)",https://www.rwth-aachen.de/global/show_document.asp?id=aaaaaaaaamfwbot,23.03.2020,2020/048,Ordnung,,2020,Comp. Aided Conception/Production in Mech. Engin. (privatrechtlich),
369,"Prüfungsordnung Unterrichtsfach Englisch, Master, Lehramt an Gymnasien und Gesamtschulen, (10/2020)",https://www.rwth-aachen.de/global/show_document.asp?id=aaaaaaaaamfvzoa,23.03.2020,2020/047,Ordnung,,2020,Comp. Aided Conception/Production in Mech. Engin. (privatrechtlich),
370,"Prüfungsordnung Unterrichtsfach Englisch, Bachelor, Lehramt an Berufskollegs, (10/2020)",https://www.rwth-aachen.de/global/show_document.asp?id=aaaaaaaaamfvpbu,23.03.2020,2020/046,Ordnung,,2020,Comp. Aided Conception/Production in Mech. Engin. (privatrechtlich),
371,"Prüfungsordnung Unterrichtsfach Englisch, Bachelor, Lehramt an Gymnasien und Gesamtschulen, (10/2020)",https://www.rwth-aachen.de/global/show_document.asp?id=aaaaaaaaamfvmky,23.03.2020,2020/045,Ordnung,,2020,Comp. Aided Conception/Production in Mech. Engin. (privatrechtlich),
372,Satzung für die Vergabe des Brigitte-Gilles-Preises,https://www.rwth-aachen.de/global/show_document.asp?id=aaaaaaaaamennpq,19.03.2020,2020/044,1. Änderungsordnung (Gesamtfassung),,,Comp. Aided Conception/Production in Mech. Engin. (privatrechtlich),
373,"Prüfungsordnung Theologie und Globale Entwicklung, Master (10/2020)",https://www.rwth-aachen.de/global/show_document.asp?id=aaaaaaaaajwfpao,13.01.2020,2020/001,Ordnung,,2020,Comp. Aided Conception/Production in Mech. Engin. (privatrechtlich),
374,"Gesamtprüfungsordnung Bauingenieurwesen mit Orientierungssemester, Bachelor, (04/2020)",https://www.rwth-aachen.de/global/show_document.asp?id=aaaaaaaaaiwuccv,06.12.2019,2019/207,Ordnung,,2020,Comp. Aided Conception/Production in Mech. Engin. (privatrechtlich),
375,Habilitationsordnung Fakultät für Maschinenwesen,https://www.rwth-aachen.de/global/show_document.asp?id=aaaaaaaaaitekbk,04.12.2019,2019/191,2. Änderungsordnung (Gesamtfassung),,,Comp. Aided Conception/Production in Mech. Engin. (privatrechtlich),
376,Ordnung für das Sportreferat,https://www.rwth-aachen.de/global/show_document.asp?id=aaaaaaaaaijpsnt,22.11.2019,2019/190,2. Änderungsordnung (Gesamtfassung),,,Comp. Aided Conception/Production in Mech. Engin. (privatrechtlich),
377,"Prüfungsordnung Master of Science in Management and Engineering in Computer Aided Mechanical Engineering (MME-CAME) der RWTH Aachen und der Maatricht School of Management, Master, (10/2016)",https://www.rwth-aachen.de/global/show_document.asp?id=aaaaaaaaahambgk,16.10.2019,2019/171,2. Änderungsordnung (Gesamtfassung),30.09.2024,2016,Comp. Aided Conception/Production in Mech. Engin. (privatrechtlich),
378,Benutzungsordnung Fachbereichsbibliothek Wirtschaftswissenschaften,https://www.rwth-aachen.de/global/show_document.asp?id=aaaaaaaaaejcpdk,23.07.2019,2019/115,Ordnung,,,Comp. Aided Conception/Production in Mech. Engin. (privatrechtlich),
379,"Prüfungsordnung Geschichtswissenschaft, Bachelor, (10/2019)",https://www.rwth-aachen.de/global/show_document.asp?id=aaaaaaaaaegtuxm,19.07.2019,2019/104,Ordnung,,2019,Comp. Aided Conception/Production in Mech. Engin. (privatrechtlich),
380,"Prüfungsordnung Psychologie, Master, (10/2019)",https://www.rwth-aachen.de/global/show_document.asp?id=aaaaaaaaaddyeae,11.06.2019,2019/091,Ordnung,,2019,Comp. Aided Conception/Production in Mech. Engin. (privatrechtlich),
381,Habilitationsordnung Fakultät für Bauingenieurwesen,https://www.rwth-aachen.de/global/show_document.asp?id=aaaaaaaaaddxvqd,11.06.2019,2019/089,1. Änderungsordnung (Gesamtfassung),,,Comp. Aided Conception/Production in Mech. Engin. (privatrechtlich),
382,"Prüfungsordnung mit der Großen beruflichen Fachrichtung Bautechnik, Master, Lehramt an Berufskollegs, (10/2017)",https://www.rwth-aachen.de/global/show_document.asp?id=aaaaaaaaaddxnxk,11.06.2019,2019/087,1. Änderungsordnung (Gesamtfassung),31.03.2025,2017,Comp. Aided Conception/Production in Mech. Engin. (privatrechtlich),
383,Habilitationsordnung Fakultät für Architektur,https://www.rwth-aachen.de/global/show_document.asp?id=aaaaaaaaacneved,14.05.2019,2019/076,1. Änderungsordnung (Gesamtfassung),,,Comp. Aided Conception/Production in Mech. Engin. (privatrechtlich),
384,Auswahlkriterien Auswahlverfahren im Studiengängen Zahnmedizin zum Wintersemester 2019/2020,https://www.rwth-aachen.de/global/show_document.asp?id=aaaaaaaaabuadol,11.04.2019,2019/066,Berichtigung der Ordnung,,,Comp. Aided Conception/Production in Mech. Engin. (privatrechtlich),
385,"Prüfungsordnung Production Systems Engineering, Master, (10/2013)",https://www.rwth-aachen.de/global/show_document.asp?id=aaaaaaaaablwtat,03.04.2019,2019/063,7. Änderungsordnung,,2013,Comp. Aided Conception/Production in Mech. Engin. (privatrechtlich),
386,"Prüfungsordnung Große berufliche Fachrichtung Bautechnik, Bachelor, Lehramt an Berufskollegs, (10/2017)",https://www.rwth-aachen.de/global/show_document.asp?id=aaaaaaaaabfsqjm,27.03.2019,2019/061,1. Änderungsordnung,31.03.2024,2017,Comp. Aided Conception/Production in Mech. Engin. (privatrechtlich),
387,Fachschaftsordnung 6 Elektrotechnik und Informationstechnik,https://www.rwth-aachen.de/global/show_document.asp?id=aaaaaaaaabecfeo,20.03.2019,2019/055,2. Änderungsordnung (Gesamtfassung),,,Comp. Aided Conception/Production in Mech. Engin. (privatrechtlich),
388,"Prüfungsordnung Unterrichtsfach Deutsch, Bachelor, Lehramt an Berufskollegs, (10/2017)",https://www.rwth-aachen.de/global/show_document.asp?id=aaaaaaaaabdxnbh,05.03.2019,2019/049,2. Änderungsordnung,30.03.2024,2017,Comp. Aided Conception/Production in Mech. Engin. (privatrechtlich),
389,"Prüfungsordnung Unterrichtsfach Deutsch, Bachelor, Lehramt an Gymnasien und Gesamtschulen, (10/2017)",https://www.rwth-aachen.de/global/show_document.asp?id=aaaaaaaaabdxnav,05.03.2019,2019/048,2. Änderungsordnung,30.03.2024,2017,Comp. Aided Conception/Production in Mech. Engin. (privatrechtlich),
390,"Fakultätsordnung, Elektrotechnik und Informationstechnik",https://www.rwth-aachen.de/global/show_document.asp?id=aaaaaaaaabdvmhr,25.02.2019,2019/038,3. Änderungsordnung (Gesamtfassung),,,Comp. Aided Conception/Production in Mech. Engin. (privatrechtlich),
391,Auswahlkriterien Auswahlverfahren im Studiengängen Zahnmedizin zum Wintersemester 2019/2020,https://www.rwth-aachen.de/global/show_document.asp?id=aaaaaaaaabdvmbc,25.02.2019,2019/036,Ordnung,,,Comp. Aided Conception/Production in Mech. Engin. (privatrechtlich),
392,Auswahlkriterien Auswahlverfahren im Studiengang Humanmedizin zum Wintersemester 2018/2019 und zum Wintersemester 2019/2020,https://www.rwth-aachen.de/global/show_document.asp?id=aaaaaaaaabdvlzt,25.02.2019,2019/035,Berichtigung der Ordnung,,,Comp. Aided Conception/Production in Mech. Engin. (privatrechtlich),
393,"Fakultätsordnung, Georessourcen und Materialtechnik",https://www.rwth-aachen.de/global/show_document.asp?id=aaaaaaaaabdjwcv,23.01.2019,2019/012,4. Änderungsordnung (Gesamtfassung),,,Comp. Aided Conception/Production in Mech. Engin. (privatrechtlich),
394,Satzung der Biomaterialbank der Medizinischen Fakultät,https://www.rwth-aachen.de/global/show_document.asp?id=aaaaaaaaabbwbcl,02.10.2018,2018/191,Ordnung,,,Comp. Aided Conception/Production in Mech. Engin. (privatrechtlich),
395,"Prüfungsordnung Große beruflichen Fachrichtung Maschinenbautechnik, Lehramt an Berufkollegs, Bachelor, (10/2011 s)",https://www.rwth-aachen.de/global/show_document.asp?id=aaaaaaaaabbwaxn,02.10.2018,2018/190,1. Änderungsordnung,31.03.2025,2011 s,Comp. Aided Conception/Production in Mech. Engin. (privatrechtlich),
396,"Prüfungsordnung Lehramt an Berufskollegs mit der beruflichen Fachrichtung Maschinenbautechnik, Bachelor, (10/2011 s)",https://www.rwth-aachen.de/global/show_document.asp?id=aaaaaaaaabbwauc,02.10.2018,2018/189,1. Änderungsordnung,31.03.2025,2011 s,Comp. Aided Conception/Production in Mech. Engin. (privatrechtlich),
397,"Prüfungsordnung Production Systems Engineering, Master, (10/2013)",https://www.rwth-aachen.de/global/show_document.asp?id=aaaaaaaaabbuhjp,28.09.2018,2018/184,6. Änderungsordnung,,2013,Comp. Aided Conception/Production in Mech. Engin. (privatrechtlich),
398,"Promotionsordnung Fakultät Mathematik, Informatik und Naturwissenschaften",https://www.rwth-aachen.de/global/show_document.asp?id=aaaaaaaaabbniqr,11.09.2018,2018/174,7. Änderungsordnung (Gesamtfassung),,,Comp. Aided Conception/Production in Mech. Engin. (privatrechtlich),
399,"Habilitationsordnung Fakultät für Mathematik, Informatik und Naturwissenschaften",https://www.rwth-aachen.de/global/show_document.asp?id=aaaaaaaaabbniog,11.09.2018,2018/173,Ordnung,,,Comp. Aided Conception/Production in Mech. Engin. (privatrechtlich),
400,"Prüfungsordnung Production Systems Engineering, Master, (10/2013)",https://www.rwth-aachen.de/global/show_document.asp?id=aaaaaaaaabbiiym,28.08.2018,2018/150,5. Änderungsordnung,,2013,Comp. Aided Conception/Production in Mech. Engin. (privatrechtlich),
401,Ordnung des Lehrerbildungszentrums (LBZ),https://www.rwth-aachen.de/global/show_document.asp?id=aaaaaaaaabbicpc,22.08.2018,2018/140,Berichtigung der 1. Änderungsordnung,,,Comp. Aided Conception/Production in Mech. Engin. (privatrechtlich),
402,"Fakultätsordnung, Architektur",https://www.rwth-aachen.de/global/show_document.asp?id=aaaaaaaaabbfauy,13.08.2018,2018/139,7. Änderungsordnung (Gesamtfassung),,,Comp. Aided Conception/Production in Mech. Engin. (privatrechtlich),
403,Richtlinie zur Förderung des wissenschaftlichen Austauschs mit internationalen Wissenschaftlerinnen und Wissenschaftler,https://www.rwth-aachen.de/global/show_document.asp?id=aaaaaaaaabbabpv,23.07.2018,2018/127,Richtlinie,,,Comp. Aided Conception/Production in Mech. Engin. (privatrechtlich),
404,Jahresabschluss des Studierendenwerks Aachen - Anstalt des öffentlichen Rechts - für das Geschäftsjahr vom 1. Januar bis zum 31. Dezember 2017,https://www.rwth-aachen.de/global/show_document.asp?id=aaaaaaaaabavyfm,13.07.2018,2018/125,Sonstiges,,,Comp. Aided Conception/Production in Mech. Engin. (privatrechtlich),
405,"Geschäftsordnung (GeschO), Gruppenvertretung der Wissenschaftlichen Mitarbeiterinnen und Mitarbeiter",https://www.rwth-aachen.de/global/show_document.asp?id=aaaaaaaaabanuyd,18.06.2018,2018/114,Ordnung,,,Comp. Aided Conception/Production in Mech. Engin. (privatrechtlich),
406,"Prüfungsordnung Unterrichtsfach Englisch, Bachelor, Lehramt an Gymnasien und Gesamtschulen, (10/2017)",https://www.rwth-aachen.de/global/show_document.asp?id=aaaaaaaaabamfgf,12.06.2018,2018/108,1. Änderungsordnung (Gesamtfassung),31.03.2024,2017,Comp. Aided Conception/Production in Mech. Engin. (privatrechtlich),
407,"Prüfungsordnung Unterrichtsfach Englisch, Bachelor, Lehramt an Berufskollegs, (10/2017)",https://www.rwth-aachen.de/global/show_document.asp?id=aaaaaaaaamfvvxj,12.06.2018,2018/107,1. Änderungsordnung,31.03.2024,2017,Comp. Aided Conception/Production in Mech. Engin. (privatrechtlich),
408,"Prüfungsordnung Unterrichtsfach Deutsch, Bachelor, Lehramt an Gymnasien und Gesamtschulen, (10/2017)",https://www.rwth-aachen.de/global/show_document.asp?id=aaaaaaaaabameru,12.06.2018,2018/106,1. Änderungsordnung (Gesamtfassung),30.03.2024,2017,Comp. Aided Conception/Production in Mech. Engin. (privatrechtlich),
409,"Prüfungsordnung Unterrichtsfach Deutsch, Bachelor, Lehramt an Berufskollegs, (10/2017)",https://www.rwth-aachen.de/global/show_document.asp?id=aaaaaaaaabamenk,12.06.2018,2018/105,1. Änderungsordnung (Gesamtfassung),30.03.2024,2017,Comp. Aided Conception/Production in Mech. Engin. (privatrechtlich),
410,Ordnung des Lehrerbildungszentrums (LBZ),https://www.rwth-aachen.de/global/show_document.asp?id=aaaaaaaaaazyzkr,30.04.2018,2018/093,1. Änderungsordnung,,,Comp. Aided Conception/Production in Mech. Engin. (privatrechtlich),
411,Verfahrensordnung zur Geschäftsordnung der Gruppenvertretung der Beschäftigten in Technik und Verwaltung,https://www.rwth-aachen.de/global/show_document.asp?id=aaaaaaaaaazyzkf,30.04.2018,2018/091,Ordnung,,,Comp. Aided Conception/Production in Mech. Engin. (privatrechtlich),
412,Geschäftsordnung der zentralen Gruppenvertretung BTV,https://www.rwth-aachen.de/global/show_document.asp?id=aaaaaaaaaazyvgy,30.04.2018,2018/090,Ordnung,,,Comp. Aided Conception/Production in Mech. Engin. (privatrechtlich),
413,"Prüfungsordnung Große berufliche Fachrichtung Maschinenbautechnik, Lehramt an Berufskollegs, Bachelor (10/2011 s)",https://www.rwth-aachen.de/global/show_document.asp?id=aaaaaaaaaazytob,30.04.2018,2018/076,Berichtigung,31.03.2025,2011 s,Comp. Aided Conception/Production in Mech. Engin. (privatrechtlich),
414,"Prüfungsordnung Lehramt an Berufskollegs mit der beruflichen Fachrichtung Maschinenbautechnik, Bachelor (10/2011 s)",https://www.rwth-aachen.de/global/show_document.asp?id=aaaaaaaaaazytmk,30.04.2018,2018/075,Berichtigung,31.03.2025,2011 s,Comp. Aided Conception/Production in Mech. Engin. (privatrechtlich),
415,"Prüfungsordnung Sprach- und Kommunikationswissenschaft, Bachelor, (10/2015 s)",https://www.rwth-aachen.de/global/show_document.asp?id=aaaaaaaaaazpdgh,06.04.2018,2018/067,Berichtigung der 1. Änderungsordnung,31.03.2027,2015 s,Comp. Aided Conception/Production in Mech. Engin. (privatrechtlich),
416,Auswahlkriterien Auswahlverfahren im Studiengang Humanmedizin zum Wintersemester 2018/2019 und zum Wintersemester 2019/2020,https://www.rwth-aachen.de/global/show_document.asp?id=aaaaaaaaaaznoqp,29.03.2018,2018/044,Ordnung,,,Comp. Aided Conception/Production in Mech. Engin. (privatrechtlich),
417,Benutzungsordnung für zentrale IT-Systeme,https://www.rwth-aachen.de/global/show_document.asp?id=aaaaaaaaaazcqbf,26.02.2018,2018/015,Ordnung,,,Comp. Aided Conception/Production in Mech. Engin. (privatrechtlich),
418,"Ordnung, IT Center",https://www.rwth-aachen.de/global/show_document.asp?id=aaaaaaaaaayxxml,26.02.2018,2018/014,Ordnung,,,Comp. Aided Conception/Production in Mech. Engin. (privatrechtlich),
419,Satzung zur Vergabe des Aachener Ingenieurpreises der Rheinisch-Westfälischen Technischen Hochschule und der Stadt Aachen,https://www.rwth-aachen.de/global/show_document.asp?id=aaaaaaaaaaydhni,19.12.2017,2017/378,2. Änderungsordnung (Gesamtfassung),,,Comp. Aided Conception/Production in Mech. Engin. (privatrechtlich),
420,Auswahlkriterien für das Auswahlverfahren in dem örtlich zulassungsbeschränkten Masterstudiengang Lehr- und Forschungslogopädie,https://www.rwth-aachen.de/global/show_document.asp?id=aaaaaaaaaaxolvd,14.11.2017,2017/332,Ordnung,,,Comp. Aided Conception/Production in Mech. Engin. (privatrechtlich),
421,"Prüfungsordnung Chemie, Bachelor, (10/2010 s)",https://www.rwth-aachen.de/global/show_document.asp?id=aaaaaaaaaaxmppr,08.11.2017,2017/330,2. Änderungsordnung,31.03.2025,2010 s,Comp. Aided Conception/Production in Mech. Engin. (privatrechtlich),
422,Promotionsordnung Medizinische Fakultät,https://www.rwth-aachen.de/global/show_document.asp?id=aaaaaaaaaaxmnzk,08.11.2017,2017/321,6. Änderungsordnung (Gesamtfassung),,,Comp. Aided Conception/Production in Mech. Engin. (privatrechtlich),
423,Jahresabschluss des Studierendenwerks Aachen - Anstalt des öffentlichen Rechts - für das Geschäftsjahr vom 1. Januar bis zum 31. Dezember 2016,https://www.rwth-aachen.de/global/show_document.asp?id=aaaaaaaaaaxjmda,26.10.2017,2017/317,Sonstiges,,,Comp. Aided Conception/Production in Mech. Engin. (privatrechtlich),
424,"Prüfungsordnung Große beruflichen Fachrichtung Maschinenbautechnik, Lehramt an Berufkollegs, Bachelor, (10/2011 s)",https://www.rwth-aachen.de/global/show_document.asp?id=aaaaaaaaaawwjbt,13.09.2017,2017/269,Ordnung,31.03.2025,2011 s,Comp. Aided Conception/Production in Mech. Engin. (privatrechtlich),
425,"Prüfungsordnung Lehramt an Berufskollegs mit der beruflichen Fachrichtung Maschinenbautechnik, Bachelor, (10/2011 s)",https://www.rwth-aachen.de/global/show_document.asp?id=aaaaaaaaaawwirs,13.09.2017,2017/268,Ordnung,31.03.2025,2011 s,Comp. Aided Conception/Production in Mech. Engin. (privatrechtlich),
426,"Prüfungsordnung Unterrichtsfach Politik, Master, Lehramt an Berufskollegs (10/2017)",https://www.rwth-aachen.de/global/show_document.asp?id=aaaaaaaaaawvbwc,08.09.2017,2017/261,Ordnung,,2017,Comp. Aided Conception/Production in Mech. Engin. (privatrechtlich),
427,"Prüfungsordnung mit der beruflichen Fachrichtung Bautechnik, Master, Lehramt an Berufskollegs, (10/2017)",https://www.rwth-aachen.de/global/show_document.asp?id=aaaaaaaaaawvbrx,08.09.2017,2017/256,Ordnung,31.03.2025,2017,Comp. Aided Conception/Production in Mech. Engin. (privatrechtlich),
428,"Prüfungsordnung berufliche Fachrichtung Bautechnik, Bachelor, Lehramt an Berufskollegs, (10/2017)",https://www.rwth-aachen.de/global/show_document.asp?id=aaaaaaaaaawvbpf,08.09.2017,2017/252,Ordnung,31.03.2024,2017,Comp. Aided Conception/Production in Mech. Engin. (privatrechtlich),
429,"Prüfungsordnung Große berufliche Fachrichtung Bautechnik, Bachelor, Lehramt an Berufskollegs, (10/2017)",https://www.rwth-aachen.de/global/show_document.asp?id=aaaaaaaaaawvbob,08.09.2017,2017/251,Ordnung,31.03.2024,2017,Comp. Aided Conception/Production in Mech. Engin. (privatrechtlich),
430,"Prüfungsordnung mit Großen beruflichen Fachrichtung Elektrotechnik, Master, Lehramt an Berufskollegs, (10/2017)",https://www.rwth-aachen.de/global/show_document.asp?id=aaaaaaaaaawtazo,01.09.2017,2017/243,Ordnung,,2017,Comp. Aided Conception/Production in Mech. Engin. (privatrechtlich),
431,"Prüfungsordnung mit der beruflichen Fachrichtung Elektrotechnik, Master, Lehramt an Berufskollegs, (10/2017)",https://www.rwth-aachen.de/global/show_document.asp?id=aaaaaaaaaawtazc,01.09.2017,2017/242,Ordnung,,2017,Comp. Aided Conception/Production in Mech. Engin. (privatrechtlich),
432,"Prüfungsordnung mit der beruflichen Fachrichtung Textiltechnik, Master, Lehramt an Berufskollegs, (10/2017)",https://www.rwth-aachen.de/global/show_document.asp?id=aaaaaaaaaawtawp,01.09.2017,2017/240,Ordnung,,2017,Comp. Aided Conception/Production in Mech. Engin. (privatrechtlich),
433,"Prüfungsordnung Unterrichtsfach Physik, Master, Lehramt an Gymnasien und Gesamtschulen, (10/2017)",https://www.rwth-aachen.de/global/show_document.asp?id=aaaaaaaaaawpsis,17.08.2017,2017/218,Ordnung,,2017,Comp. Aided Conception/Production in Mech. Engin. (privatrechtlich),
434,"Prüfungsordnung Unterrichtsfach Physik, Master, Lehramt an Berufskollegs, (10/2017)",https://www.rwth-aachen.de/global/show_document.asp?id=aaaaaaaaaawpshx,17.08.2017,2017/217,Ordnung,,2017,Comp. Aided Conception/Production in Mech. Engin. (privatrechtlich),
435,Tierschutz-Codex,https://www.rwth-aachen.de/global/show_document.asp?id=aaaaaaaaaawprwm,17.08.2017,2017/211,Sonstiges,,,Comp. Aided Conception/Production in Mech. Engin. (privatrechtlich),
436,"Prüfungsordnung Unterrichtsfach Geschichte, Master, Lehramt an Gymnasien und Gesamtschulen, (10/2017)",https://www.rwth-aachen.de/global/show_document.asp?id=aaaaaaaaaawnyhl,09.08.2017,2017/202,Ordnung,,2017,Comp. Aided Conception/Production in Mech. Engin. (privatrechtlich),
437,"Prüfungsordnung Unterrichtsfach Geschichte, Bachelor, Lehramt an Gymnasien und Gesamtschulen, (10/2017)",https://www.rwth-aachen.de/global/show_document.asp?id=aaaaaaaaaawnxec,09.08.2017,2017/200,Ordnung,,2017,Comp. Aided Conception/Production in Mech. Engin. (privatrechtlich),
438,"Prüfungsordnung Unterrichtsfach Katholische Religionslehre, Bachelor, Lehramt an Gymnasien und Gesamtschulen, (10/2015 s)",https://www.rwth-aachen.de/global/show_document.asp?id=aaaaaaaaaawnxai,09.08.2017,2017/197,Ordnung,,2015 s,Comp. Aided Conception/Production in Mech. Engin. (privatrechtlich),
439,"Prüfungsordnung Unterrichtsfach Katholische Religionslehre, Bachelor, Lehramt an Berufskollegs, (10/2015 s)",https://www.rwth-aachen.de/global/show_document.asp?id=aaaaaaaaaawnwzt,09.08.2017,2017/196,Ordnung,,2015 s,Comp. Aided Conception/Production in Mech. Engin. (privatrechtlich),
440,"Prüfungsordnung Sprach- und Kommunikationswissenschaft, Bachelor, (10/2015 s)",https://www.rwth-aachen.de/global/show_document.asp?id=aaaaaaaaaavggib,06.04.2017,2017/089,1. Änderungsordnung,31.03.2027,2015 s,Comp. Aided Conception/Production in Mech. Engin. (privatrechtlich),
441,"Prüfungsordnung Geschichte als Wissenskultur, Master, (04/2017)",https://www.rwth-aachen.de/global/show_document.asp?id=aaaaaaaaaaveklb,30.03.2017,2017/086,Ordnung,,2017,Comp. Aided Conception/Production in Mech. Engin. (privatrechtlich),
442,Zugang von beruflich qualifizierten Bewerberinnen und Bewerbern zum Studium an der RWTH,https://www.rwth-aachen.de/global/show_document.asp?id=aaaaaaaaaauqlnr,16.02.2017,2017/034,2. Änderungsordnung (Gesamtfassung),,,Comp. Aided Conception/Production in Mech. Engin. (privatrechtlich),
443,Rahmenbenutzungsordnung für die Dezentralen Bibliotheken der RWTH,https://www.rwth-aachen.de/global/show_document.asp?id=aaaaaaaaaauqkqu,16.02.2017,2017/033,Ordnung,,,Comp. Aided Conception/Production in Mech. Engin. (privatrechtlich),
444,Rahmenordnung zur Vergabe von Stipendien,https://www.rwth-aachen.de/global/show_document.asp?id=aaaaaaaaaaulgzj,02.02.2017,2017/026,Berichtigung der Ordnung,,,Comp. Aided Conception/Production in Mech. Engin. (privatrechtlich),
445,"Prüfungsordnung Production Systems Engineering, Master, (10/2013)",https://www.rwth-aachen.de/global/show_document.asp?id=aaaaaaaaaatqxhx,23.11.2016,2016/159,4. Änderungsordnung,,2013,Comp. Aided Conception/Production in Mech. Engin. (privatrechtlich),
446,Überlassungsordnung von Sportanlagen des Hochschulsportzentrums,https://www.rwth-aachen.de/global/show_document.asp?id=aaaaaaaaaatievj,25.10.2016,2016/132,1. Änderungsordnung (Gesamtfassung),,,Comp. Aided Conception/Production in Mech. Engin. (privatrechtlich),
447,Ordnung für den Aachener Hochschulsport,https://www.rwth-aachen.de/global/show_document.asp?id=aaaaaaaaaatietk,25.10.2016,2016/131,Ordnung,,,Comp. Aided Conception/Production in Mech. Engin. (privatrechtlich),
448,"Prüfungsordnung Chemie, Bachelor, (10/2010 s)",https://www.rwth-aachen.de/global/show_document.asp?id=aaaaaaaaaasunau,12.09.2016,2016/107,1. Änderungsordnung,31.03.2025,2010 s,Comp. Aided Conception/Production in Mech. Engin. (privatrechtlich),
449,Richtlinie zur Vergabe von besonderen Leistungsbezügen in der W-Besoldung,https://www.rwth-aachen.de/global/show_document.asp?id=aaaaaaaaaasnupw,16.08.2016,2016/083,Richtlinie,,,Comp. Aided Conception/Production in Mech. Engin. (privatrechtlich),
450,Fachschaftsordnung 5/4 Geographie und Wirtschaftsgeographie,https://www.rwth-aachen.de/global/show_document.asp?id=aaaaaaaaaasmkik,08.08.2016,2016/082,3. Änderungsordnung (Gesamtfassung),,,Comp. Aided Conception/Production in Mech. Engin. (privatrechtlich),
451,Fachschaftsordnung 10/3 Logopädie,https://www.rwth-aachen.de/global/show_document.asp?id=aaaaaaaaaarqksj,25.05.2016,2016/046,Ordnung,,,Comp. Aided Conception/Production in Mech. Engin. (privatrechtlich),
452,Habilitationsordnung Fakultät für Wirtschaftswissenschaften,https://www.rwth-aachen.de/global/show_document.asp?id=aaaaaaaaaariliv,28.04.2016,2016/038,2. Änderungsordnung (Gesamtfassung),,,Comp. Aided Conception/Production in Mech. Engin. (privatrechtlich),
453,Geschäftsordnung des Dekanats der Medizinischen Fakultät der RWTH Aachen,https://www.rwth-aachen.de/global/show_document.asp?id=aaaaaaaaaaqnjsu,04.03.2016,2016/021,Ordnung,,,Comp. Aided Conception/Production in Mech. Engin. (privatrechtlich),
454,Dauerbeschäftigungskonzept der RWTH,https://www.rwth-aachen.de/global/show_document.asp?id=aaaaaaaaaaqnjls,04.03.2016,2016/019,Richtlinie,,,Comp. Aided Conception/Production in Mech. Engin. (privatrechtlich),
455,Leitlinie guter Beschäftigungsbedingungen für das Personal,https://www.rwth-aachen.de/global/show_document.asp?id=aaaaaaaaaaqnjkt,04.03.2016,2016/018,Richtlinie,,,Comp. Aided Conception/Production in Mech. Engin. (privatrechtlich),
456,"Prüfungsordnung Physiotherapie, Bachelor, (09/2011)",https://www.rwth-aachen.de/global/show_document.asp?id=aaaaaaaaaaqnjht,04.03.2016,2016/017,1. Änderungsordnung,,2011,Comp. Aided Conception/Production in Mech. Engin. (privatrechtlich),
457,"Änderung der Auswahlkriterien für das Auswahlverfahren in den örtlich zulassungsbeschränkten Bachelorstudiengängen, Mathematik (B.SC), Mathematik (LAB-GyGe), Mathematik (LAB-BK)",https://www.rwth-aachen.de/global/show_document.asp?id=aaaaaaaaaapzrzw,27.01.2016,2016/003,Ordnung,,,Comp. Aided Conception/Production in Mech. Engin. (privatrechtlich),
458,Geschäftsordnung des Fachschaftsrates der Fachschaft 5/4 Geographie und Wirtschaftsgeographie,https://www.rwth-aachen.de/global/show_document.asp?id=aaaaaaaaaaplhaz,08.12.2015,2015/176,1. Änderungsordnung,,,Comp. Aided Conception/Production in Mech. Engin. (privatrechtlich),
459,Ordnung zum Schutz personenbezogener Daten bei multimedialer Nutzung von E-Learning-Verfahren,https://www.rwth-aachen.de/global/show_document.asp?id=aaaaaaaaaaolwek,01.10.2015,2015/146,Ordnung,,,Comp. Aided Conception/Production in Mech. Engin. (privatrechtlich),
460,"Prüfungsordnung Chemie, Bachelor, (10/2010 s)",https://www.rwth-aachen.de/global/show_document.asp?id=aaaaaaaaaasvfhs,16.09.2015,2015/143,Ordnung,31.03.2025,2010 s,Comp. Aided Conception/Production in Mech. Engin. (privatrechtlich),
461,"Prüfungsordnung Sprach- und Kommunikationswissenschaft, Bachelor, (10/2015 s)",https://www.rwth-aachen.de/global/show_document.asp?id=aaaaaaaaaaoblmn,10.09.2015,2015/136,Ordnung,31.03.2027,2015 s,Comp. Aided Conception/Production in Mech. Engin. (privatrechtlich),
462,Rahmenordnung zur Vergabe von Stipendien. Ergänzende Bestimmungen der AICES,https://www.rwth-aachen.de/global/show_document.asp?id=aaaaaaaaaantxoj,19.08.2015,2015/124,Ordnung,,,Comp. Aided Conception/Production in Mech. Engin. (privatrechtlich),
463,Raumvergabe-Entgeltregelung,https://www.rwth-aachen.de/global/show_document.asp?id=aaaaaaaaaanplru,05.08.2015,2015/118,Ordnung,,,Comp. Aided Conception/Production in Mech. Engin. (privatrechtlich),
464,"Prüfungsordnung Production Systems Engineering, Master, (10/2013)",https://www.rwth-aachen.de/global/show_document.asp?id=aaaaaaaaaalxqiu,16.03.2015,2015/045,3. Änderungsordnung,,2013,Comp. Aided Conception/Production in Mech. Engin. (privatrechtlich),
465,Abgabensatzung,https://www.rwth-aachen.de/global/show_document.asp?id=aaaaaaaaaaltxis,03.03.2015,2015/025,3. Änderungsordnung (Gesamtfassung),,,Comp. Aided Conception/Production in Mech. Engin. (privatrechtlich),
466,"Prüfungsordnung Redevelopment - Real Estate and Urban Management, Master, (10/2013)",https://www.rwth-aachen.de/global/show_document.asp?id=aaaaaaaaaakxjni,11.12.2014,2014/205,1. Änderungsordnung,,2013,Comp. Aided Conception/Production in Mech. Engin. (privatrechtlich),
467,"Prüfungsordnung Production Systems Engineering, Master, (10/2013)",https://www.rwth-aachen.de/global/show_document.asp?id=aaaaaaaaaajwhcr,30.09.2014,2014/162,2. Änderungsordnung (Gesamtfassung),,2013,Comp. Aided Conception/Production in Mech. Engin. (privatrechtlich),
468,Geschäftsordnung der zentralen Gruppenvertretung NWM,https://www.rwth-aachen.de/global/show_document.asp?id=aaaaaaaaaahmsbs,14.03.2014,2014/034,Ordnung,,,Comp. Aided Conception/Production in Mech. Engin. (privatrechtlich),
469,Auswahlkriterien für das Auswahlverfahren in dem örtlich zulassungsbeschränkten Masterstudiengang Wirtschaftswissenschaft,https://www.rwth-aachen.de/global/show_document.asp?id=aaaaaaaaaaguemd,22.01.2014,2014/008,Ordnung,,,Comp. Aided Conception/Production in Mech. Engin. (privatrechtlich),
470,Richtlinie zum Schutz vor Benachteiligungen nach dem Allgemeinen Gleichbehandlungsgesetz (AGG) der RWTH-Aachen,https://www.rwth-aachen.de/global/show_document.asp?id=aaaaaaaaaagnjkx,16.12.2013,2013/131,Richtlinie,,,Comp. Aided Conception/Production in Mech. Engin. (privatrechtlich),
471,Rahmenordnung zur Vergabe von Stipendien,https://www.rwth-aachen.de/global/show_document.asp?id=aaaaaaaaaagdpbc,31.10.2013,2013/100,Ordnung,,,Comp. Aided Conception/Production in Mech. Engin. (privatrechtlich),
472,Fachschaftsordnung 7/2 Lehramt,https://www.rwth-aachen.de/global/show_document.asp?id=aaaaaaaaaafqjfm,06.09.2013,2013/084,2. Änderungsordnung (Gesamtfassung),,,Comp. Aided Conception/Production in Mech. Engin. (privatrechtlich),
473,"Prüfungsordnung Redevelopment - Real Estate and Urban Management, Master, (10/2013)",https://www.rwth-aachen.de/global/show_document.asp?id=aaaaaaaaaaficsf,23.07.2013,2013/080,Ordnung,,2013,Comp. Aided Conception/Production in Mech. Engin. (privatrechtlich),
474,Raumvergabeordnung,https://www.rwth-aachen.de/global/show_document.asp?id=aaaaaaaaaafaxlp,17.06.2013,2013/052,2. Änderungsordnung (Gesamtfassung),,,Comp. Aided Conception/Production in Mech. Engin. (privatrechtlich),
475,"Studienordnung Zahnmedizin, (04/2013)",https://www.rwth-aachen.de/global/show_document.asp?id=aaaaaaaaaaenihv,03.04.2013,2013/031,Ordnung,,2013,Comp. Aided Conception/Production in Mech. Engin. (privatrechtlich),
476,Satzung des Studentenwerks Aachen,https://www.rwth-aachen.de/global/show_document.asp?id=aaaaaaaaaaegjql,27.02.2013,2013/019,Ordnung,,,Comp. Aided Conception/Production in Mech. Engin. (privatrechtlich),
477,Habilitationsordnung Philosophische Fakultät,https://www.rwth-aachen.de/global/show_document.asp?id=aaaaaaaaaaaozey,04.01.2012,2012/002,Ordnung,,,Comp. Aided Conception/Production in Mech. Engin. (privatrechtlich),
478,Richtlinie zur Stipendienvergabe der NRW-Stipendien im Rahmen des Bildungsfonds,https://www.rwth-aachen.de/global/show_document.asp?id=aaaaaaaaaaaozdm,29.09.2011,2011/134,Richtlinie,,,Comp. Aided Conception/Production in Mech. Engin. (privatrechtlich),
479,"Prüfungsordnung Physiotherapie, Bachelor, (09/2011)",https://www.rwth-aachen.de/global/show_document.asp?id=aaaaaaaaaaaozcu,23.08.2011,2011/121,Ordnung,,2011,Comp. Aided Conception/Production in Mech. Engin. (privatrechtlich),
480,Überlassungsordnung von Sportanlagen des Hochschulsportzentrums,https://www.rwth-aachen.de/global/show_document.asp?id=aaaaaaaaaaaozcf,11.08.2011,2011/107,Ordnung,,,Comp. Aided Conception/Production in Mech. Engin. (privatrechtlich),
481,Fachschaftsordnung 2 Architektur,https://www.rwth-aachen.de/global/show_document.asp?id=aaaaaaaaaaaoyzb,29.04.2011,2011/046,Ordnung,,,Comp. Aided Conception/Production in Mech. Engin. (privatrechtlich),
482,"Gebührenordnung, Hochschulbibliothek",https://www.rwth-aachen.de/global/show_document.asp?id=aaaaaaaaaaaoytw,14.10.2010,2010/079,Ordnung,,,Comp. Aided Conception/Production in Mech. Engin. (privatrechtlich),
483,Netzordnung,https://www.rwth-aachen.de/global/show_document.asp?id=aaaaaaaaaaddfye,05.10.2010,2010/071,2. Änderungsordnung (Gesamtfassung),,,Comp. Aided Conception/Production in Mech. Engin. (privatrechtlich),
484,"Netzordnung, Ausführungsbestimmungen",https://www.rwth-aachen.de/global/show_document.asp?id=aaaaaaaaaaddfxj,05.10.2010,2010/070,2. Änderungsordnung (Gesamtfassung),,,Comp. Aided Conception/Production in Mech. Engin. (privatrechtlich),
485,Richtlinie zur Vergabe von UROP-Stipendien,https://www.rwth-aachen.de/global/show_document.asp?id=aaaaaaaaaaaoyrf,10.03.2010,2010/019,Richtlinie,,,Comp. Aided Conception/Production in Mech. Engin. (privatrechtlich),
486,Verfahrensordnung zur Geschäftsordnung der zentralen Gruppenvertretung der NWM,https://www.rwth-aachen.de/global/show_document.asp?id=aaaaaaaaaaaoyqw,17.02.2010,2010/010,Ordnung,,,Comp. Aided Conception/Production in Mech. Engin. (privatrechtlich),
487,Fachschaftsordnung 8 Wirtschaftswissenschaften,https://www.rwth-aachen.de/global/show_document.asp?id=aaaaaaaaaaayjkt,16.03.2009,2009/014,1. Änderungsordnung,,,Comp. Aided Conception/Production in Mech. Engin. (privatrechtlich),
488,Richtlinie für die Exzellenzinitiative,https://www.rwth-aachen.de/global/show_document.asp?id=aaaaaaaaaaaoyid,18.07.2008,2008/072,Richtlinie,,,Comp. Aided Conception/Production in Mech. Engin. (privatrechtlich),
489,"Ethik: Gebührenordnung Ethik-Kommission, Medizinischen Fakultät",https://www.rwth-aachen.de/global/show_document.asp?id=aaaaaaaaaaaoygq,25.03.2008,2008/033,Ordnung,,,Comp. Aided Conception/Production in Mech. Engin. (privatrechtlich),
490,"Prüfungsordnung Life Science Informatics (Biologische Informatik) der Uni Bonn & RWTH Aachen, Master, (10/2003)",https://www.rwth-aachen.de/global/show_document.asp?id=aaaaaaaaaaaoygd,27.02.2008,2008/020,2. Änderungsordnung,,2003,Comp. Aided Conception/Production in Mech. Engin. (privatrechtlich),
491,"Prüfungsordnung Life Science Informatics (Biologische Informatik) der Uni Bonn & RWTH Aachen, Master, (10/2003)",https://www.rwth-aachen.de/global/show_document.asp?id=aaaaaaaaaaaoygc,27.02.2008,2008/019,1. Änderungsordnung,,2003,Comp. Aided Conception/Production in Mech. Engin. (privatrechtlich),
492,Geschäftsordnung der Fakultätenkonferenz,https://www.rwth-aachen.de/global/show_document.asp?id=aaaaaaaaaaaoyeu,14.12.2007,2007/106,Ordnung,,,Comp. Aided Conception/Production in Mech. Engin. (privatrechtlich),
493,"Ordnung zur Verleihung ""Gastprofessorin"" bzw. ""Gastprofessor""",https://www.rwth-aachen.de/global/show_document.asp?id=aaaaaaaaaaaoyed,14.11.2007,2007/090,Ordnung,,,Comp. Aided Conception/Production in Mech. Engin. (privatrechtlich),
494,Anordnung über die Übertragung der Widerspruchzuständigkeit,https://www.rwth-aachen.de/global/show_document.asp?id=aaaaaaaaaaaoybg,12.03.2007,2007/016,Ordnung,,,Comp. Aided Conception/Production in Mech. Engin. (privatrechtlich),
495,"Studienordnung Medizin, Klinischer Abschnitt, (10/2003)",https://www.rwth-aachen.de/global/show_document.asp?id=aaaaaaaaaaaoyaw,25.01.2007,2007/006,2. Änderungsordnung,,2003,Comp. Aided Conception/Production in Mech. Engin. (privatrechtlich),
496,"Benutzungsordnung, Bibliothek, Institut für Kunstgeschichte",https://www.rwth-aachen.de/global/show_document.asp?id=aaaaaaaaaaaoxza,31.07.2006,1107,1. Änderungsordnung,,,Comp. Aided Conception/Production in Mech. Engin. (privatrechtlich),
497,"Studienordnung Medizin, Klinischer Abschnitt, (10/2003)",https://www.rwth-aachen.de/global/show_document.asp?id=aaaaaaaaaaaoxyi,04.04.2006,1089,1. Änderungsordnung (Gesamtfassung),,2003,Comp. Aided Conception/Production in Mech. Engin. (privatrechtlich),
498,Parkplatzrahmenordnung (PpRO),https://www.rwth-aachen.de/global/show_document.asp?id=aaaaaaaaaaaoxvd,24.08.2005,1008,Ordnung,,,Comp. Aided Conception/Production in Mech. Engin. (privatrechtlich),
499,"Studienordnung Communications Engineering, Master, (07/2003)",https://www.rwth-aachen.de/global/show_document.asp?id=aaaaaaaaaaaoxtd,04.03.2005,0956,2. Änderungsordnung,,2003,Comp. Aided Conception/Production in Mech. Engin. (privatrechtlich),
500,"Benutzungsordnung, Bibliothek, Institut für Kunstgeschichte",https://www.rwth-aachen.de/global/show_document.asp?id=aaaaaaaaaaaoxsa,30.11.2004,0927,Ordnung,,,Comp. Aided Conception/Production in Mech. Engin. (privatrechtlich),
501,Satzung Allgemeiner Stiftungsfond,https://www.rwth-aachen.de/global/show_document.asp?id=aaaaaaaaaaaoxrj,04.07.2006,0910,1. Änderungsordnung,,,Comp. Aided Conception/Production in Mech. Engin. (privatrechtlich),
502,"Studienordnung Communications Engineering, Master, (07/2003)",https://www.rwth-aachen.de/global/show_document.asp?id=aaaaaaaaaaaoxqz,13.08.2004,0900,1. Änderungsordnung,,2003,Comp. Aided Conception/Production in Mech. Engin. (privatrechtlich),
503,"Ordnung zur Verleihung des Grades Diplom-Wirtschaftslehrer/in (FB 1, FB 7 & FB 8)",https://www.rwth-aachen.de/global/show_document.asp?id=aaaaaaaaaaaoxps,11.05.2004,0868,Berichtigung der Ordnung,,,Comp. Aided Conception/Production in Mech. Engin. (privatrechtlich),
504,"Ordnung zur Verleihung des Grades Diplom-Gewerbelehrer/in (FB 1, 2, 3, 4, 6,7)",https://www.rwth-aachen.de/global/show_document.asp?id=aaaaaaaaaaaoxoy,23.01.2004,0850,Ordnung,,,Comp. Aided Conception/Production in Mech. Engin. (privatrechtlich),
505,"Ordnung zur Verleihung des Grades Diplom-Wirtschaftslehrer/in (FB 1, FB 7 & FB 8)",https://www.rwth-aachen.de/global/show_document.asp?id=aaaaaaaaaaaoxor,15.01.2004,0845,Ordnung,,,Comp. Aided Conception/Production in Mech. Engin. (privatrechtlich),
506,Ordnung zur Verleihung des Grades Diplom-Gymnasiallehrer/in (FB 1 & FB 7),https://www.rwth-aachen.de/global/show_document.asp?id=aaaaaaaaaaaoxop,15.01.2004,0844,Ordnung,,,Comp. Aided Conception/Production in Mech. Engin. (privatrechtlich),
507,Verwaltungsordnung der Fachbereichsbibliothek Wirtschaftswissenschaften,https://www.rwth-aachen.de/global/show_document.asp?id=aaaaaaaaaaaoxol,15.01.2004,0842,Ordnung,,,Comp. Aided Conception/Production in Mech. Engin. (privatrechtlich),
508,"Prüfungsordnung Life Science Informatics (Biologische Informatik) der Uni Bonn & RWTH Aachen, Master, (10/2003)",https://www.rwth-aachen.de/global/show_document.asp?id=aaaaaaaaaaaoxnt,02.10.2003,0828,Ordnung,,2003,Comp. Aided Conception/Production in Mech. Engin. (privatrechtlich),
509,"Studienordnung Communications Engineering, Master, (07/2003)",https://www.rwth-aachen.de/global/show_document.asp?id=aaaaaaaaaaaoxmt,04.07.2003,0806,Ordnung,,2003,Comp. Aided Conception/Production in Mech. Engin. (privatrechtlich),
510,"Prüfungsordnung Elektrische Energietechnik, Master, (10/2002)",https://www.rwth-aachen.de/global/show_document.asp?id=aaaaaaaaaaaoxmk,04.07.2003,0797,Berichtigung der Ordnung,,2002,Comp. Aided Conception/Production in Mech. Engin. (privatrechtlich),
511,AVV des Kanzlers über den Vollzug von Rechtsvorschriften des Arbeits- u. Umweltschutzes,https://www.rwth-aachen.de/global/show_document.asp?id=aaaaaaaaaaaoxft,11.10.2001,0650,Ordnung,,,Comp. Aided Conception/Production in Mech. Engin. (privatrechtlich),
512,Wahlordnung zur Klinikumskonferenz,https://www.rwth-aachen.de/global/show_document.asp?id=aaaaaaaaaaaoxez,12.04.2001,0630,Ordnung,,,Comp. Aided Conception/Production in Mech. Engin. (privatrechtlich),
513,Umbenennung der Fakultät für Bauingenieur- und Vermessungswesen,https://www.rwth-aachen.de/global/show_document.asp?id=aaaaaaaaaaaoxac,02.07.1999,0521,Sonstiges,,,Comp. Aided Conception/Production in Mech. Engin. (privatrechtlich),
514,Umbenennung der Fakultät für Elektrotechnik,https://www.rwth-aachen.de/global/show_document.asp?id=aaaaaaaaaaaowzu,21.05.1999,0516,Sonstiges,,,Comp. Aided Conception/Production in Mech. Engin. (privatrechtlich),
515,Umbenennung der Mathematisch-Naturwissenschaftlichen Fakultät,https://www.rwth-aachen.de/global/show_document.asp?id=aaaaaaaaaaaowzs,21.05.1999,0515,Sonstiges,,,Comp. Aided Conception/Production in Mech. Engin. (privatrechtlich),
516,Benutzungsordnung des Gemeinschaftslabors für Elektronenmikroskopie (GfE) der RWTH-Aachen,https://www.rwth-aachen.de/global/show_document.asp?id=aaaaaaaaaaaowvr,08.03.1996,0441,Ordnung,,,Comp. Aided Conception/Production in Mech. Engin. (privatrechtlich),
