Title,PDF URL,Erschienen,Nummer,Ordnung,Auslaufen
Studien- und Prüfungsordnung Zahnmedizin,https://www.rwth-aachen.de/global/show_document.asp?id=aaaaaaaacttlkav,14.02.2025,2025/030,Berichtigung der 1. Änderungsordnung (Gesamtfassung),
"Prüfungsordnung Unterrichtsfach Mathematik, Lehramt an Berufskollegs, Bachelor, (10/2019)",https://www.rwth-aachen.de/global/show_document.asp?id=aaaaaaaacttlcil,14.02.2025,2025/029,3. Änderungsordnung (Gesamtfassung),30.09.2026
"Prüfungsordnung Unterrichtsfach Mathematik, Lehramt an Gymnasien und Gesamtschulen, Master, (10/2017)",https://www.rwth-aachen.de/global/show_document.asp?id=aaaaaaaacttlapb,14.02.2025,2025/028,3. Änderungsordnung (Gesamtfassung),
"Prüfungsordnung Unterrichtsfach Mathematik, Bachelor, Lehramt an Berufskollegs, (10/2021)",https://www.rwth-aachen.de/global/show_document.asp?id=aaaaaaaacttkyta,14.02.2025,2025/027,2. Änderungsordnung (Gesamtfassung),
"Prüfungsordnung Unterrichtsfach Mathematik, Bachelor, Lehramt an Gymnasien und Gesamtschulen, (10/2021)",https://www.rwth-aachen.de/global/show_document.asp?id=aaaaaaaacttkuqb,14.02.2025,2025/026,2. Änderungsordnung (Gesamtfassung),
"Prüfungsordnung Unterrichtsfach Mathematik, Lehramt an Gymnasien und Gesamtschulen, Bachelor, (10/2019)",https://www.rwth-aachen.de/global/show_document.asp?id=aaaaaaaacttksxt,14.02.2025,2025/025,3. Änderungsordnung (Gesamtfassung),30.09.2026
"Prüfungsordnung Unterrichtsfach Mathematik, Lehramt an Berufskollegs, Master, (10/2017)",https://www.rwth-aachen.de/global/show_document.asp?id=aaaaaaaacttkqtd,14.02.2025,2025/024,3. Änderungsordnung (Gesamtfassung),
Auswahlkriterien für das Auswahlverfahren in dem örtlich zulassungsbeschränkten Masterstudiengang Battery Science and Technology in Engineering,https://www.rwth-aachen.de/global/show_document.asp?id=aaaaaaaacttkpwu,14.02.2025,2025/023,Berichtigung der Ordnung,
Promotionsordnung Fakultät Bauingenieurwesen,https://www.rwth-aachen.de/global/show_document.asp?id=aaaaaaaacttkoie,14.02.2025,2025/022,7. Änderungsordnung (Gesamtfassung),
"Prüfungsordnung Computational Social Systems, Master (10/2021)",https://www.rwth-aachen.de/global/show_document.asp?id=aaaaaaaacttklmi,14.02.2025,2025/021,2. Änderungsordnung (Gesamtfassung),
Satzung der Studierendenschaft,https://www.rwth-aachen.de/global/show_document.asp?id=aaaaaaaacttkhce,14.02.2025,2025/020,25. Änderungsordnung (Gesamtfassung),
Finanzordnung der Studierendenschaft,https://www.rwth-aachen.de/global/show_document.asp?id=aaaaaaaacttkess,14.02.2025,2025/019,26. Änderungsordnung (Gesamtfassung),
Richtlinien für die Beschäftigung und Vergütung wissenschaftlicher und studentischer Hilfskräfte,https://www.rwth-aachen.de/global/show_document.asp?id=aaaaaaaacttjxaz,14.02.2025,2025/018,10. Änderungsordnung (Gesamtfassung),
"Prüfungsordnung Georessourcenmanagement, Bachelor, (10/2019)",https://www.rwth-aachen.de/global/show_document.asp?id=aaaaaaaacttjvoo,14.02.2025,2025/017,Ordnung,
"Übergreifende Prüfungsordnung, Master, Lehramt an Gymnasien und Gesamtschulen sowie Berufskollegs (10/2017)",https://www.rwth-aachen.de/global/show_document.asp?id=aaaaaaaacttjoje,14.02.2025,2025/016,15. Änderungsordnung (Gesamtfassung),
"Übergreifende Prüfungsordnung, Bachelor, Lehramt an Gymnasien und Gesamtschulen sowie Berufskollegs (10/2011)",https://www.rwth-aachen.de/global/show_document.asp?id=aaaaaaaacttjmmv,14.02.2025,2025/015,18. Änderungsordnung (Gesamtfassung),
"Übergreifende Prüfungsordnung, Bachelor und Master (10/2015)",https://www.rwth-aachen.de/global/show_document.asp?id=aaaaaaaacttjkty,14.02.2025,2025/014,18. Änderungsordnung (Gesamtfassung),
"Prüfungsordnung Umweltingenieurwissenschaften, Master, (10/2019)",https://www.rwth-aachen.de/global/show_document.asp?id=aaaaaaaactntsuf,07.02.2025,2025/013,7. Änderungsordnung (Gesamtfassung),
"Prüfungsordnung Umweltingenieurwissenschaften, Bachelor, (10/2019)",https://www.rwth-aachen.de/global/show_document.asp?id=aaaaaaaactntqyb,07.02.2025,2025/012,5. Änderungsordnung (Gesamtfassung),
"Prüfungsordnung Wirtschaftsingenieurwesen (Fachrichtung Bauingenieurwesen), Master, (10/2015 s)",https://www.rwth-aachen.de/global/show_document.asp?id=aaaaaaaactntive,07.02.2025,2025/011,12. Änderungsordnung (Gesamtfassung),
"Prüfungsordnung Bauingenieurwesen mit Orientierungssemester, Teilstudiengang Bauingenieurwesen Plus, Bachelor, (04/2020)",https://www.rwth-aachen.de/global/show_document.asp?id=aaaaaaaactjfpls,03.02.2025,2025/010,4. Änderungsordnung (Gesamtfassung),
"Prüfungsordnung Biomedical Engineering, Master, (10/2025)",https://www.rwth-aachen.de/global/show_document.asp?id=aaaaaaaactegezm,28.01.2025,2025/009,Berichtigung der Ordnung,
"Prüfungsordnung Sustainable Management - Water and Energy, Master, (10/2017)",https://www.rwth-aachen.de/global/show_document.asp?id=aaaaaaaactefyiu,28.01.2025,2025/008,5. Änderungsordnung (Gesamtfassung),
"Prüfungsordnung Verkehrsingenieurwesen und Mobilität, Master, (10/2019)",https://www.rwth-aachen.de/global/show_document.asp?id=aaaaaaaactajejg,22.01.2025,2025/007,9. Änderungsordnung (Gesamtfassung),
"Prüfungsordnung Bauingenieurwesen, Master, (04/2021)",https://www.rwth-aachen.de/global/show_document.asp?id=aaaaaaaactaitqs,22.01.2025,2025/006,8. Änderungsordnung (Gesamtfassung),
"Prüfungsordnung Verkehrsingenieurwesen und Mobilität, Bachelor, (10/2019)",https://www.rwth-aachen.de/global/show_document.asp?id=aaaaaaaactaietq,22.01.2025,2025/005,7. Änderungsordnung (Gesamtfassung),
"Prüfungsordnung Bauingenieurwesen, Bachelor, (10/2020)",https://www.rwth-aachen.de/global/show_document.asp?id=aaaaaaaactadvfa,22.01.2025,2025/004,5. Änderungsordnung (Gesamtfassung),
"Fachschaftsordnung 5/1 Bergbau, Energie und Recycling",https://www.rwth-aachen.de/global/show_document.asp?id=aaaaaaaacsnblcj,06.01.2025,2024/168,3. Änderungsordnung (Gesamtfassung),
"Prüfungsordnung Wirtschaftsingenieurwesen Fachrichtung Werkstoff- und Prozesstechnik, Bachelor",https://www.rwth-aachen.de/global/show_document.asp?id=aaaaaaaacskhgsz,20.12.2024,2024/167,Ordnung,
"Prüfungsordnung Wirtschaftsingenieurwesen Fachrichtung Bauingenieurwesen, Bachelor",https://www.rwth-aachen.de/global/show_document.asp?id=aaaaaaaacskhfqc,20.12.2024,2024/166,Ordnung,
"Prüfungsordnung Wirtschaftsingenieurwesen Fachrichtung Elektrische Energietechnik, Bachelor",https://www.rwth-aachen.de/global/show_document.asp?id=aaaaaaaacskhesq,20.12.2024,2024/165,Ordnung,
"Prüfungsordnung Unterrichtsfach Biologie, Lehramt an Berufskollegs, Bachelor, (10/2024)",https://www.rwth-aachen.de/global/show_document.asp?id=aaaaaaaacskhdok,20.12.2024,2024/164,1. Änderungsordnung (Gesamtfassung),
"Prüfungsordnung Unterrichtsfach Biologie, Lehramt an Gymnasien und Gesamtschulen, Bachelor, (10/2024)",https://www.rwth-aachen.de/global/show_document.asp?id=aaaaaaaacskhbew,20.12.2024,2024/163,1. Änderungsordnung (Gesamtfassung),
Beitragsordnung der Studierendenschaft,https://www.rwth-aachen.de/global/show_document.asp?id=aaaaaaaacskgysj,20.12.2024,2024/162,25. Änderungsordnung (Gesamtfassung),
"Prüfungsordnung Wirtschaftsingenieurwesen (Fachrichtung Maschinenbau), Master, (10/2020)",https://www.rwth-aachen.de/global/show_document.asp?id=aaaaaaaacskguvm,20.12.2024,2024/161,3. Änderungsordnung (Gesamtfassung),
"Prüfungsordnung Wirtschaftsingenieurwesen Fachrichtung Maschinenbau, Bachelor, (10/2020)",https://www.rwth-aachen.de/global/show_document.asp?id=aaaaaaaacskgqyv,20.12.2024,2024/160,3. Änderungsordnung (Gesamtfassung),
"Prüfungsordnung Unterrichtsfach Chemie, Lehramt an Berufskollegs, Master, (10/2017)",https://www.rwth-aachen.de/global/show_document.asp?id=aaaaaaaacsjeekg,19.12.2024,2024/159,3. Änderungsordnung (Gesamtfassung),
"Prüfungsordnung Unterrichtsfach Chemie, Lehramt an Gymnasien und Gesamtschulen, Master, (10/2017)",https://www.rwth-aachen.de/global/show_document.asp?id=aaaaaaaacsjdwus,19.12.2024,2024/158,3. Änderungsordnung (Gesamtfassung),
"Prüfungsordnung Unterrichtsfach Chemie, Lehramt an Gymnasien und Gesamtschulen, Bachelor, (10/2011 s)",https://www.rwth-aachen.de/global/show_document.asp?id=aaaaaaaacsjchmp,19.12.2024,2024/157,2. Änderungsordnung (Gesamtfassung),
"Prüfungsordnung Unterrichtsfach Chemie, Lehramt an Berufskollegs, Bachelor, (10/2011 s)",https://www.rwth-aachen.de/global/show_document.asp?id=aaaaaaaacsjcefc,19.12.2024,2024/156,2. Änderungsordnung (Gesamtfassung),
"Prüfungsordnung Klinische Psychologie und Psychotherapie, Master (10/2022)",https://www.rwth-aachen.de/global/show_document.asp?id=aaaaaaaacshdaxm,17.12.2024,2024/155,2. Änderungsordnung (Gesamtfassung),
Digitallehrkonzept der Philosophischen Fakultät,https://www.rwth-aachen.de/global/show_document.asp?id=aaaaaaaacshcuop,17.12.2024,2024/154,Sonstiges,
"Prüfungsordnung Soziologie mit dem Schwerpunkt Technikforschung, Bachelor, (10/2024)",https://www.rwth-aachen.de/global/show_document.asp?id=aaaaaaaacshcnmf,17.12.2024,2024/153,Berichtigung der Ordnung,
"Fakultätsordnung, Philosophische Fakultät",https://www.rwth-aachen.de/global/show_document.asp?id=aaaaaaaacshdwqy,17.12.2024,2024/152,7. Änderungsordnung (Gesamtfassung),
"Prüfungsordnung Biomedical Engineering, Master, (10/2025)",https://www.rwth-aachen.de/global/show_document.asp?id=aaaaaaaacscqwnu,13.12.2024,2024/151,Ordnung,
Auswahlkriterien für das Auswahlverfahren in dem örtlich zulassungsbeschränkten Masterstudiengang Battery Science and Technology in Engineering,https://www.rwth-aachen.de/global/show_document.asp?id=aaaaaaaacrujutz,03.12.2024,2024/150,Ordnung,
"Prüfungsordnung Data Science, Master, (10/2018)",https://www.rwth-aachen.de/global/show_document.asp?id=aaaaaaaacrqhthv,27.11.2024,2024/149,5. Änderungsordnung (Gesamtfassung),
"Prüfungsordnung Human-Centered Intelligent Systems, Master, (10/2025)",https://www.rwth-aachen.de/global/show_document.asp?id=aaaaaaaacromwuf,25.11.2024,2024/148,Ordnung,
"Prüfungsordnung berufliche Fachrichtung Wirtschaftswissenschaft, Bachelor, Lehramt an Berufskollegs, (10/2011 s)",https://www.rwth-aachen.de/global/show_document.asp?id=aaaaaaaacrfnebn,13.11.2024,2024/141,3. Änderungsordnung (Gesamtfassung),
"Prüfungsordnung Software Systems Engineering, Master, (10/2025)",https://www.rwth-aachen.de/global/show_document.asp?id=aaaaaaaacrexfbh,12.11.2024,2024/140,Berichtigung der Ordnung,
"Prüfungsordnung Software Systems Engineering, Master, (10/2011)",https://www.rwth-aachen.de/global/show_document.asp?id=aaaaaaaacrewzza,12.11.2024,2024/139,Berichtigung der 5. Änderungsordnung (Gesamtfassung),30.09.2027
"Prüfungsordnung Informatik, Master, (10/2023)",https://www.rwth-aachen.de/global/show_document.asp?id=aaaaaaaacrewyds,12.11.2024,2024/138,Berichtigung der 2. Änderungsordnung (Gesamtfassung),
"Prüfungsordnung Informatik, Master, (10/2010 s)",https://www.rwth-aachen.de/global/show_document.asp?id=aaaaaaaacrewwlf,12.11.2024,2024/137,Berichtigung der 10. Änderungsordnung (Gesamtfassung),31.03.2026
"Prüfungsordnung Fahrzeugtechnik und Transport, Master, (10/2020)",https://www.rwth-aachen.de/global/show_document.asp?id=aaaaaaaacqvjlsz,31.10.2024,2024/136,2. Änderungsordnung (Gesamtfassung),
"Prüfungsordnung Produktentwicklung, Master, (04/2020)",https://www.rwth-aachen.de/global/show_document.asp?id=aaaaaaaacqvixpb,31.10.2024,2024/135,3. Änderungsordnung (Gesamtfassung),
"Prüfungsordnung Produktionstechnik, Master, (04/2011 s)",https://www.rwth-aachen.de/global/show_document.asp?id=aaaaaaaacqvhclj,31.10.2024,2024/134,10. Änderungsordnung (Gesamtfassung),
"Prüfungsordnung Allgemeiner Maschinenbau, Master, (04/2011 s)",https://www.rwth-aachen.de/global/show_document.asp?id=aaaaaaaacqtbmii,29.10.2024,2024/133,10. Änderungsordnung (Gesamtfassung),
"Prüfungsordnung Energietechnik, Master, (10/2020)",https://www.rwth-aachen.de/global/show_document.asp?id=aaaaaaaacqtawie,29.10.2024,2024/132,2. Änderungsordnung (Gesamtfassung),
"Prüfungsordnung Kunststoff- und Textiltechnik, Master, (04/2011 s)",https://www.rwth-aachen.de/global/show_document.asp?id=aaaaaaaacqrpogp,28.10.2024,2024/131,8. Änderungsordnung (Gesamtfassung),
"Prüfungsordnung Luft- und Raumfahrttechnik, Master, (04/2011 s)",https://www.rwth-aachen.de/global/show_document.asp?id=aaaaaaaacqroljh,28.10.2024,2024/130,7. Änderungsordnung (Gesamtfassung),
Digitallehrkonzept der Fakultät für Maschinenwesen,https://www.rwth-aachen.de/global/show_document.asp?id=aaaaaaaacqjjxzv,17.10.2024,2024/129,Sonstiges,
Fachschaftszuordnungsordnung der Studierendenschaft,https://www.rwth-aachen.de/global/show_document.asp?id=aaaaaaaacqjizlj,17.10.2024,2024/128,8. Änderungsordnung (Gesamtfassung),
"Prüfungsordnung Verfahrenstechnik, Master, (04/2011 s)",https://www.rwth-aachen.de/global/show_document.asp?id=aaaaaaaacqjisqu,17.10.2024,2024/127,10. Änderungsordnung (Gesamtfassung),
"Prüfungsordnung Automotive Engineering, Master, (10/2020)",https://www.rwth-aachen.de/global/show_document.asp?id=aaaaaaaacqjhfjg,17.10.2024,2024/126,1. Änderungsordnung (Gesamtfassung),
"Prüfungsordnung Media Informatics, Master, (10/2019)",https://www.rwth-aachen.de/global/show_document.asp?id=aaaaaaaacpysbox,08.10.2024,2024/125,3. Änderungsordnung (Gesamtfassung),30.09.2028
Studien- und Prüfungsordnung Zahnmedizin,https://www.rwth-aachen.de/global/show_document.asp?id=aaaaaaaacprhuxw,30.09.2024,2024/124,1. Änderungsordnung (Gesamtfassung),
"Studien- und Prüfungsordnung, Medizin, Modellstudiengang",https://www.rwth-aachen.de/global/show_document.asp?id=aaaaaaaacpojoah,25.09.2024,2024/123,6. Änderungsordnung (Gesamtfassung),
"Prüfungsordnung Betriebswirtschaftslehre (Business Administration), Master, (10/2021)",https://www.rwth-aachen.de/global/show_document.asp?id=aaaaaaaacpojcgs,25.09.2024,2024/122,3. Änderungsordnung (Gesamtfassung),
"Prüfungsordnung Wirtschaftswissenschaft, Master, (10/2014 s)",https://www.rwth-aachen.de/global/show_document.asp?id=aaaaaaaacpoiylh,25.09.2024,2024/121,10. Änderungsordnung (Gesamtfassung),
"Prüfungsordnung Informatik, Master, (10/2023)",https://www.rwth-aachen.de/global/show_document.asp?id=aaaaaaaacpmybwn,24.09.2024,2024/119,2. Änderungsordnung (Gesamtfassung),
"Prüfungsordnung Informatik, Master, (10/2010 s)",https://www.rwth-aachen.de/global/show_document.asp?id=aaaaaaaacpmxxls,24.09.2024,2024/118,10. Änderungsordnung (Gesamtfassung),31.03.2026
"Prüfungsordnung Informatik, Bachelor, (10/2018)",https://www.rwth-aachen.de/global/show_document.asp?id=aaaaaaaacpmxvci,24.09.2024,2024/117,4. Änderungsordnung (Gesamtfassung),30.09.2026
"Prüfungsordnung Informatik, Bachelor, (10/2022)",https://www.rwth-aachen.de/global/show_document.asp?id=aaaaaaaacpmxsvv,24.09.2024,2024/116,3. Änderungsordnung (Gesamtfassung),
"Prüfungsordnung Maschinenbau, Bachelor, (10/2011 s)",https://www.rwth-aachen.de/global/show_document.asp?id=aaaaaaaacpmuwrp,24.09.2024,2024/115,9. Änderungsordnung (Gesamtfassung),
"Prüfungsordnung Software Systems Engineering, Master, (10/2011)",https://www.rwth-aachen.de/global/show_document.asp?id=aaaaaaaacpcajbk,13.09.2024,2024/113,5. Änderungsordnung (Gesamtfassung),30.09.2027
Gleichstellungsquote für Berufungen mit und ohne Tenure Track,https://www.rwth-aachen.de/global/show_document.asp?id=aaaaaaaacpawijj,12.09.2024,2024/112,Sonstiges,30.09.2027
"Prüfungsordnung Master of Science in Management and Engineering in Technology, Innovation, Marketing and Entrepreneurship (MME-TIME), Master, (10/2025)",https://www.rwth-aachen.de/global/show_document.asp?id=aaaaaaaacoyqevh,10.09.2024,2024/111,Ordnung,
Digitallehrkonzept der Fakultät für Architektur,https://www.rwth-aachen.de/global/show_document.asp?id=aaaaaaaacoyptps,10.09.2024,2024/110,Sonstiges,
"Prüfungsordnung Georessourcenmanagement, Master, (10/2019)",https://www.rwth-aachen.de/global/show_document.asp?id=aaaaaaaacoyopls,10.09.2024,2024/109,6. Änderungsordnung (Gesamtfassung),
"Prüfungsordnung Angewandte Geowissenschaften, Master, (10/2019)",https://www.rwth-aachen.de/global/show_document.asp?id=aaaaaaaacoyodmw,10.09.2024,2024/108,6. Änderungsordnung (Gesamtfassung),
"Prüfungsordnung Georessourcenmanagement, Bachelor, (10/2019)",https://www.rwth-aachen.de/global/show_document.asp?id=aaaaaaaacoynjdz,10.09.2024,2024/107,5. Änderungsordnung (Gesamtfassung),
"Prüfungsordnung Angewandte Geowissenschaften, Bachelor, (10/2019)",https://www.rwth-aachen.de/global/show_document.asp?id=aaaaaaaacoymyfz,10.09.2024,2024/106,5. Änderungsordnung (Gesamtfassung),
"Berichtigung der studiengangspezifischen Prüfungsordnung Management Science and Mathematics, Master, (10/2024) vom 25.05.2024",https://www.rwth-aachen.de/global/show_document.asp?id=aaaaaaaacqxplio,04.09.2024,2024/105,Berichtigung,
"Prüfungsordnung Applied Health Informatics and Digital Medicine (AHI), Master, (10/2024)",https://www.rwth-aachen.de/global/show_document.asp?id=aaaaaaaacogyajc,22.08.2024,2024/100,1. Änderungsordnung (Gesamtfassung),
"Prüfungsordnung Applied Geophysics, Master, (10/2019)",https://www.rwth-aachen.de/global/show_document.asp?id=aaaaaaaacogxfoc,22.08.2024,2024/099,4. Änderungsordnung (Gesamtfassung),
"Prüfungsordnung Data Analytics and Decision Science, Master, (10/2025)",https://www.rwth-aachen.de/global/show_document.asp?id=aaaaaaaacockuau,19.08.2024,2024/098,Ordnung,
"Prüfungsordnung Executive Master of Business Administration (EMBA), Master, (10/2021)",https://www.rwth-aachen.de/global/show_document.asp?id=aaaaaaaacoapzmc,15.08.2024,2024/097,5. Änderungsordnung (Gesamtfassung),
Promotionsordnung Fakultät Architektur,https://www.rwth-aachen.de/global/show_document.asp?id=aaaaaaaacoapdvx,15.08.2024,2024/096,5. Änderungsordnung (Gesamtfassung),
"Prüfungsordnung Unterrichtsfach Biologie, Lehramt an Berufskollegs, Master, (10/2025)",https://www.rwth-aachen.de/global/show_document.asp?id=aaaaaaaacnrlvrw,01.08.2024,2024/095,Ordnung,
"Prüfungsordnung Unterrichtsfach Biologie, Lehramt an Gymnasien und Gesamtschulen, Master, (10/2025)",https://www.rwth-aachen.de/global/show_document.asp?id=aaaaaaaacnrldtv,01.08.2024,2024/094,Ordnung,
"Prüfungsordnung Biowissenschaften, Master, (10/2025)",https://www.rwth-aachen.de/global/show_document.asp?id=aaaaaaaacnoxazt,29.07.2024,2024/093,Ordnung,
"Prüfungsordnung Nachhaltige Biotechnologie, Master, (10/2025)",https://www.rwth-aachen.de/global/show_document.asp?id=aaaaaaaacnowxdf,29.07.2024,2024/092,Ordnung,
"Prüfungsordnung Transforming City Regions, Master, (10/2019)",https://www.rwth-aachen.de/global/show_document.asp?id=aaaaaaaacnotfhm,29.07.2024,2024/091,4. Änderungsordnung (Gesamtfassung),
"Prüfungsordnung Stadtplanung, Master, (10/2019)",https://www.rwth-aachen.de/global/show_document.asp?id=aaaaaaaacnmucjm,25.07.2024,2024/090,7. Änderungsordnung (Gesamtfassung),
"Prüfungsordnung Molekulare und Angewandte Biotechnologie, Bachelor, (10/2024)",https://www.rwth-aachen.de/global/show_document.asp?id=aaaaaaaacnmsujl,25.07.2024,2024/089,2. Änderungsordnung (Gesamtfassung),
"Prüfungsordnung Biologie, Bachelor, (10/2024)",https://www.rwth-aachen.de/global/show_document.asp?id=aaaaaaaacnmugec,25.07.2024,2024/088,2. Änderungsordnung (Gesamtfassung),
"Prüfungsordnung Architektur, Master, (10/2019)",https://www.rwth-aachen.de/global/show_document.asp?id=aaaaaaaacnlfska,24.07.2024,2024/087,9. Änderungsordnung (Gesamtfassung),
"Prüfungsordnung Architektur, Bachelor, (10/2019)",https://www.rwth-aachen.de/global/show_document.asp?id=aaaaaaaacnlfkab,24.07.2024,2024/086,6. Änderungsordnung (Gesamtfassung),
Auswahlkriterien für das Auswahlverfahren in dem örtlich zulassungsbeschränkten Bachelorstudiengang Psychologie (polyvalent),https://www.rwth-aachen.de/global/show_document.asp?id=aaaaaaaacnlfdbh,24.07.2024,2024/085,Ordnung,
"Prüfungsordnung Logopädie, Modellstudiengang, Bachelor, (10/2012 s)",https://www.rwth-aachen.de/global/show_document.asp?id=aaaaaaaacnimekr,23.07.2024,2024/084,2. Änderungsordnung (Gesamtfassung),30.09.2029
"Prüfungsordnung Lehr- und Forschungslogopädie, Master, (10/2019)",https://www.rwth-aachen.de/global/show_document.asp?id=aaaaaaaacniltev,23.07.2024,2024/083,2. Änderungsordnung (Gesamtfassung),
"Prüfungsordnung Biologie, Master, (10/2016)",https://www.rwth-aachen.de/global/show_document.asp?id=aaaaaaaacnilljb,23.07.2024,2024/082,8. Änderungsordnung (Gesamtfassung),31.03.2029
"Prüfungsordnung Molekulare und Angewandte Biotechnologie, Master, (10/2017)",https://www.rwth-aachen.de/global/show_document.asp?id=aaaaaaaacnikvte,23.07.2024,2024/081,7. Änderungsordnung (Gesamtfassung),31.03.2029
"Prüfungsordnung Biomedical Engineering, Master, (10/2015)",https://www.rwth-aachen.de/global/show_document.asp?id=aaaaaaaacnihfun,23.07.2024,2024/080,5. Änderungsordnung (Gesamtfassung),
"Prüfungsordnung Software Systems Engineering, Master, (10/2025)",https://www.rwth-aachen.de/global/show_document.asp?id=aaaaaaaacnbzhra,16.07.2024,2024/079,Ordnung,
"Prüfungsordnung Wirtschaftsmathematik, Bachelor, (10/2022)",https://www.rwth-aachen.de/global/show_document.asp?id=aaaaaaaacnbyqrx,16.07.2024,2024/078,2. Änderungsordnung (Gesamtfassung),
Richtlinie zur Vergabe der Deutschlandstipendien im Rahmen des Bildungsfonds der RWTH Aachen,https://www.rwth-aachen.de/global/show_document.asp?id=aaaaaaaacmyigft,11.07.2024,2024/077,8. Änderungsordnung (Gesamtfassung),
Sozialordnung der Studierendenschaft,https://www.rwth-aachen.de/global/show_document.asp?id=aaaaaaaacmyhytd,11.07.2024,2024/076,12. Änderungsordnung (Gesamtfassung),
"Prüfungsordnung Elektrotechnik und Informationstechnik, Master, (10/2024)",https://www.rwth-aachen.de/global/show_document.asp?id=aaaaaaaacmhqwrw,25.06.2024,2024/072,Ordnung,
"Prüfungsordnung Computer Engineering Master, (10/2024)",https://www.rwth-aachen.de/global/show_document.asp?id=aaaaaaaacmhpmwe,25.06.2024,2024/071,Ordnung,
"Prüfungsordnung Nachhaltige Werkstofftechnik, Master, (04/2025)",https://www.rwth-aachen.de/global/show_document.asp?id=aaaaaaaacmfsuxo,21.06.2024,2024/070,Ordnung,
"Prüfungsordnung Rohstoffingenieurwesen, Master, (10/2018)",https://www.rwth-aachen.de/global/show_document.asp?id=aaaaaaaacmfsrmt,21.06.2024,2024/069,9. Änderungsordnung (Gesamtfassung),31.03.2028
"Prüfungsordnung Nachhaltige Energieversorgung, Master, (10/2018)",https://www.rwth-aachen.de/global/show_document.asp?id=aaaaaaaacmfseju,21.06.2024,2024/068,9. Änderungsordnung (Gesamtfassung),31.03.2028
"Prüfungsordnung Nachhaltige Rohstoff- und Energieversorgung, Master, (10/2024)",https://www.rwth-aachen.de/global/show_document.asp?id=aaaaaaaacmfqaws,21.06.2024,2024/067,1. Änderungsordnung (Gesamtfassung),
"Prüfungsordnung Nachhaltige Rohstoff- und Energieversorgung, Bachelor, (10/2024)",https://www.rwth-aachen.de/global/show_document.asp?id=aaaaaaaacmahxbs,14.06.2024,2024/066,Ordnung,
"Prüfungsordnung Nachhaltige Werkstofftechnik, Bachelor, (10/2024)",https://www.rwth-aachen.de/global/show_document.asp?id=aaaaaaaaclryquo,04.06.2024,2024/064,Ordnung,
"Prüfungsordnung Management Science and Mathematics, Master, (10/2024)",https://www.rwth-aachen.de/global/show_document.asp?id=aaaaaaaaclnydxg,28.05.2024,2024/063,Ordnung,
"Prüfungsordnung Unterrichtsfach Politik, Bachelor, Lehramt an Berufskollegs (10/2013 s)",https://www.rwth-aachen.de/global/show_document.asp?id=aaaaaaaaclnxsvh,28.05.2024,2024/062,3. Änderungsordnung (Gesamtfassung),
"Prüfungsordnung Unterrichtsfach Wirtschaftslehre/Politik, Bachelor, Lehramt an Berufskollegs (10/2017)",https://www.rwth-aachen.de/global/show_document.asp?id=aaaaaaaaclnxkfo,28.05.2024,2024/061,2. Änderungsordnung (Gesamtfassung),
"Prüfungsordnung Gesellschaftswissenschaften, Bachelor, (10/2019)",https://www.rwth-aachen.de/global/show_document.asp?id=aaaaaaaaclnxexk,28.05.2024,2024/060,3. Änderungsordnung (Gesamtfassung),
"Prüfungsordnung Soziologie mit dem Schwerpunkt Technikforschung, Bachelor, (10/2024)",https://www.rwth-aachen.de/global/show_document.asp?id=aaaaaaaaclkxabz,23.05.2024,2024/059,Ordnung,
"Prüfungsordnung Soziologie mit dem Schwerpunkt Technikforschung, Bachelor, (10/2020)",https://www.rwth-aachen.de/global/show_document.asp?id=aaaaaaaaclkwtqz,23.05.2024,2024/058,3. Änderungsordnung (Gesamtfassung),31.03.2028
"Prüfungsordnung Soziologie, Master, (10/2024)",https://www.rwth-aachen.de/global/show_document.asp?id=aaaaaaaaclkuqtf,23.05.2024,2024/057,Ordnung,
"Prüfungsordnung Logopädie dual, Bachelor, (10/2024)",https://www.rwth-aachen.de/global/show_document.asp?id=aaaaaaaackxaiag,02.05.2024,2024/056,Ordnung,
Fachschaftsordnung der Fachschaft 7/3 Kommunikationswissenschaft & Psychologie,https://www.rwth-aachen.de/global/show_document.asp?id=aaaaaaaackvmwfb,30.04.2024,2024/055,6. Änderungsordnung (Gesamtfassung),
Einschreibungsordnung,https://www.rwth-aachen.de/global/show_document.asp?id=aaaaaaaackqhqke,25.04.2024,2024/054,21. Änderungsordnung (Gesamtfassung),
Jahresabschluss des Studierendenwerks Aachen - Anstalt des öffentlichen Rechts - für das Geschäftsjahr vom 1. Januar bis zum 31. Dezember 2022,https://www.rwth-aachen.de/global/show_document.asp?id=aaaaaaaackgocfg,17.04.2024,2024/052,Sonstiges,
Ergänzungsbestimmungen zu den Übergreifenden Prüfungsordnungen,https://www.rwth-aachen.de/global/show_document.asp?id=aaaaaaaackcqcof,12.04.2024,2024/050,Ordnung,
"Prüfungsordnung Werkstoffingenieurwesen, Master, (10/2010 s)",https://www.rwth-aachen.de/global/show_document.asp?id=aaaaaaaackcpygk,12.04.2024,2024/049,7. Änderungsordnung (Gesamtfassung),
"Richtlinien für die dienstliche Beurteilung der Beamtinnen und Beamten, Gesamtfassung",https://www.rwth-aachen.de/global/show_document.asp?id=aaaaaaaacjnuklk,25.03.2024,2024/046,Richtlinie,
"Prüfungsordnung Networked Production Engineering, Master, (10/2020)",https://www.rwth-aachen.de/global/show_document.asp?id=aaaaaaaacjnuhve,25.03.2024,2024/045,3. Änderungsordnung (Gesamtfassung),30.09.2025
"Prüfungsordnung Smart Production Engineering, Master (10/2022)",https://www.rwth-aachen.de/global/show_document.asp?id=aaaaaaaacjnufzn,25.03.2024,2024/044,2. Änderungsordnung (Gesamtfassung),
"Prüfungsordnung Simulation Sciences, Master, (04/2010)",https://www.rwth-aachen.de/global/show_document.asp?id=aaaaaaaacjjjfin,20.03.2024,2024/043,2. Änderungsordnung (Gesamtfassung),
"Prüfungsordnung Textile Engineering, Master, (10/2019)",https://www.rwth-aachen.de/global/show_document.asp?id=aaaaaaaacjjjdpj,20.03.2024,2024/042,4. Änderungsordnung (Gesamtfassung),
"Prüfungsordnung Robotic Systems Engineering, Master, (10/2021)",https://www.rwth-aachen.de/global/show_document.asp?id=aaaaaaaacjjjanw,20.03.2024,2024/041,2. Änderungsordnung (Gesamtfassung),
Wahlordnung der Studierendenschaft,https://www.rwth-aachen.de/global/show_document.asp?id=aaaaaaaacjjivnu,20.03.2024,2024/040,9. Änderungsordnung (Gesamtfassung),
"Prüfungsordnung Management and Engineering in Production Systems (MME in Production Systems), Master, (10/2020)",https://www.rwth-aachen.de/global/show_document.asp?id=aaaaaaaacjjitwl,20.03.2024,2024/039,3. Änderungsordnung (Gesamtfassung),
Fachschaftsordnung 5/3 Geowissenschaften und Ressourcenmanagement,https://www.rwth-aachen.de/global/show_document.asp?id=aaaaaaaacjjhwnb,20.03.2024,2024/036,3. Änderungsordnung (Gesamtfassung),
Fachschaftsordnung 4 Maschinenbau,https://www.rwth-aachen.de/global/show_document.asp?id=aaaaaaaacjjgxba,20.03.2024,2024/034,6. Änderungsordnung (Gesamtfassung),
"Prüfungsordnung Computer Engineering Bachelor, (10/2022)",https://www.rwth-aachen.de/global/show_document.asp?id=aaaaaaaacizyebg,12.03.2024,2024/033,1. Änderungsordnung (Gesamtfassung),
"Prüfungsordnung Computer Engineering Bachelor, (10/2021)",https://www.rwth-aachen.de/global/show_document.asp?id=aaaaaaaacizwibn,12.03.2024,2024/032,2. Änderungsordnung (Gesamtfassung),31.03.2026
"Prüfungsordnung Elektrotechnik mit Orientierungssemester, Teilstudiengang Elektrotechnik und Informationstechnik mit Orientierungssemester, Bachelor, (04/2021)",https://www.rwth-aachen.de/global/show_document.asp?id=aaaaaaaaciznsmu,12.03.2024,2024/031,1. Änderungsordnung (Gesamtfassung),
"Prüfungsordnung Elektrotechnik mit Orientierungssemester, Teilstudiengang Elektrotechnik, Informationstechnik und Technische Informatik mit Orientierungssemester, Bachelor, (10/2018)",https://www.rwth-aachen.de/global/show_document.asp?id=aaaaaaaaciznqoa,12.03.2024,2024/030,1. Änderungsordnung (Gesamtfassung),31.03.2025
"Prüfungsordnung Elektrotechnik, Informationstechnik und Technische Informatik, Bachelor, (10/2017)",https://www.rwth-aachen.de/global/show_document.asp?id=aaaaaaaaciznntk,12.03.2024,2024/029,2. Änderungsordnung (Gesamtfassung),30.09.2025
"Prüfungsordnung Elektrotechnik und Informationstechnik, Bachelor, (10/2021)",https://www.rwth-aachen.de/global/show_document.asp?id=aaaaaaaaciznkbn,12.03.2024,2024/028,1. Änderungsordnung (Gesamtfassung),
Veröffentlichung der weiteren Tätigkeiten von Hochschulrat und Rektorat,https://www.rwth-aachen.de/global/show_document.asp?id=aaaaaaaacixdgwq,08.03.2024,2024/027,Sonstiges,
"Prüfungsordnung Architektur, Bachelor, (10/2019)",https://www.rwth-aachen.de/global/show_document.asp?id=aaaaaaaacixbgmk,08.03.2024,2024/026,5. Änderungsordnung (Gesamtfassung),
Evaluationsordnung für Studium und Lehre,https://www.rwth-aachen.de/global/show_document.asp?id=aaaaaaaacixbbzd,08.03.2024,2024/025,1. Änderungsordnung (Gesamtfassung),
Ordnung des Centers für Lehr- und Lernservices (CLS) der RWTH Aachen,https://www.rwth-aachen.de/global/show_document.asp?id=aaaaaaaacixauzi,08.03.2024,2024/024,1. Änderungsordnung (Gesamtfassung),
"Prüfungsordnung Materialwissenschaften, Bachelor, (10/2023)",https://www.rwth-aachen.de/global/show_document.asp?id=aaaaaaaacimmvkf,27.02.2024,2024/021,Berichtigung der Ordnung,
"Prüfungsordnung Werkstoffingenieurwesen, Bachelor, (10/2010 s)",https://www.rwth-aachen.de/global/show_document.asp?id=aaaaaaaacimmcbi,27.02.2024,2024/020,3. Änderungsordnung (Gesamtfassung),31.03.2029
"Satzung des Clinical Trial Center Aachen, Medizinische Fakultät",https://www.rwth-aachen.de/global/show_document.asp?id=aaaaaaaacieelkk,19.02.2024,2024/017,Ordnung,
"Prüfungsordnung Ökotoxikologie, Master, (10/2016)",https://www.rwth-aachen.de/global/show_document.asp?id=aaaaaaaacidtirb,19.02.2024,2024/013,5. Änderungsordnung (Gesamtfassung),31.03.2028
Geschäftsordnung des Rektorats,https://www.rwth-aachen.de/global/show_document.asp?id=aaaaaaaachqxkno,29.01.2024,2024/005,10. Änderungsordnung (Gesamtfassung),
Beitragsordnung des Studierendenwerks Aachen,https://www.rwth-aachen.de/global/show_document.asp?id=aaaaaaaacheetfs,16.01.2024,2024/002,24. Änderungsordnung (Gesamtfassung),
"Prüfungsordnung Große berufliche Fachrichtung Bautechnik (Studiengangmodell III), Lehramt an Berufskollegs, Master, (04/2024)",https://www.rwth-aachen.de/global/show_document.asp?id=aaaaaaaacheelby,16.01.2024,2024/001,Ordnung,
"Prüfungsordnung Elektrotechnik, Informationstechnik und Technische Informatik, Master, (10/2018)",https://www.rwth-aachen.de/global/show_document.asp?id=aaaaaaaacgmuenw,20.12.2023,2023/142,5. Änderungsordnung (Gesamtfassung),31.03.2028
"Prüfungsordnung Mathematik, Master, (10/2024)",https://www.rwth-aachen.de/global/show_document.asp?id=aaaaaaaacgcvcrg,08.12.2023,2023/139,Ordnung,
"Prüfungsordnung Resilient Civil Engineering (RCE), Master, (10/2024)",https://www.rwth-aachen.de/global/show_document.asp?id=aaaaaaaacfzqidf,05.12.2023,2023/138,Ordnung,
"Prüfungsordnung Master of Public Administration in European Studies (MPA-ES), Master, (10/2021)",https://www.rwth-aachen.de/global/show_document.asp?id=aaaaaaaacfzqaky,05.12.2023,2023/137,3. Änderungsordnung (Gesamtfassung),
Richtlinien zur Graduiertenförderung,https://www.rwth-aachen.de/global/show_document.asp?id=aaaaaaaacfygrea,28.11.2023,2023/134,Richtlinie,
"Prüfungsordnung Unterrichtsfach Informatik, Lehramt an Berufskollegs, Master (10/2017)",https://www.rwth-aachen.de/global/show_document.asp?id=aaaaaaaacfujyls,28.11.2023,2023/133,3. Änderungsordnung (Gesamtfassung),
"Prüfungsordnung Unterrichtsfach Informatik, Lehramt an Gymnasien und Gesamtschulen, Master (10/2017)",https://www.rwth-aachen.de/global/show_document.asp?id=aaaaaaaacfujnly,28.11.2023,2023/132,1. Änderungsordnung (Gesamtfassung),
"Prüfungsordnung Unterrichtsfach Informatik, Lehramt an Berufskollegs, Bachelor (10/2017)",https://www.rwth-aachen.de/global/show_document.asp?id=aaaaaaaacfujcxv,28.11.2023,2023/131,2. Änderungsordnung (Gesamtfassung),30.09.2027
"Prüfungsordnung Unterrichtsfach Informatik, Lehramt an Gymnasien und Gesamtschulen, Bachelor, (10/2017)",https://www.rwth-aachen.de/global/show_document.asp?id=aaaaaaaacfuhzgx,28.11.2023,2023/130,3. Änderungsordnung (Gesamtfassung),30.09.2027
"Prüfungsordnung Physik, Master, (10/2013 s)",https://www.rwth-aachen.de/global/show_document.asp?id=aaaaaaaacfqjdph,23.11.2023,2023/127,9. Änderungsordnung (Gesamtfassung),
"Prüfungsordnung Unterrichtsfach Technik, Lehramt an Gymnasien und Gesamtschulen, Bachelor (10/2018)",https://www.rwth-aachen.de/global/show_document.asp?id=aaaaaaaacfqikka,23.11.2023,2023/126,4. Änderungsordnung (Gesamtfassung),
"Prüfungsordnung Master of Science in Sustainability Management, Master, (10/2024)",https://www.rwth-aachen.de/global/show_document.asp?id=aaaaaaaacfmqzde,20.11.2023,2023/125,Ordnung,
Ordnung zur Errichtung von wissenschaftlichen Einrichtungen und Betriebseinheiten,https://www.rwth-aachen.de/global/show_document.asp?id=aaaaaaaacfltrod,17.11.2023,2023/124,5. Änderungsordnung (Gesamtfassung),
"Fachschaftsordnung 1/1, Mathematik, Physik, Informatik",https://www.rwth-aachen.de/global/show_document.asp?id=aaaaaaaacfltjsw,17.11.2023,2023/123,10. Änderungsordnung (Gesamtfassung),
Geschäftsordnung des Studierendenparlaments,https://www.rwth-aachen.de/global/show_document.asp?id=aaaaaaaaceuqpkj,31.10.2023,2023/117,1. Änderungsordnung (Gesamtfassung),
"Prüfungsordnung Medical Data Science, Master, (10/2020)",https://www.rwth-aachen.de/global/show_document.asp?id=aaaaaaaaceuqbbb,31.10.2023,2023/116,4. Änderungsordnung (Gesamtfassung),30.09.2026
"Prüfungsordnung Automatisierungstechnik, Master, (10/2013 s)",https://www.rwth-aachen.de/global/show_document.asp?id=aaaaaaaaceogrtx,23.10.2023,2023/113,Berichtigung der 9. Änderungsordnung (Gesamtfassung),31.03.2026
"Prüfungsordnung Automatisierungstechnik, Master, (10/2023)",https://www.rwth-aachen.de/global/show_document.asp?id=aaaaaaaaceletaj,20.10.2023,2023/112,Berichtigung der 1. Änderungsordnung (Gesamtfassung),
"Prüfungsordnung Physik Plus, Bachelor, (10/2023)",https://www.rwth-aachen.de/global/show_document.asp?id=aaaaaaaacejmlde,18.10.2023,2023/111,Berichtigung der Ordnung,
"Prüfungsordnung Mensch-Technik-Interaktion und -Kommunikation, Master, (04/2023)",https://www.rwth-aachen.de/global/show_document.asp?id=aaaaaaaacdtgmfn,28.09.2023,2023/108,1. Änderungsordnung (Gesamtfassung),
"Prüfungsordnung Mensch-Technik-Interaktion und -Kommunikation, Bachelor, (04/2023)",https://www.rwth-aachen.de/global/show_document.asp?id=aaaaaaaacdtgaye,28.09.2023,2023/107,1. Änderungsordnung (Gesamtfassung),
"Prüfungsordnung Computer Aided Conception and Production in Mechanical Engineering, Master, (10/2021)",https://www.rwth-aachen.de/global/show_document.asp?id=aaaaaaaacdtfpdp,28.09.2023,2023/106,1. Änderungsordnung (Gesamtfassung),
"Prüfungsordnung Master of Science in Management and Engineering in Computer Aided Mechanical Engineering (MME-CAME), Master, (10/2020)",https://www.rwth-aachen.de/global/show_document.asp?id=aaaaaaaacdtfklx,28.09.2023,2023/105,2. Änderungsordnung (Gesamtfassung),
"Prüfungsordnung Master of Science in Management and Engineering in Technology, Innovation, Marketing and Entrepreneurship (MME-TIME), Master, (10/2017)",https://www.rwth-aachen.de/global/show_document.asp?id=aaaaaaaacdixnrj,18.09.2023,2023/098,7. Änderungsordnung (Gesamtfassung),
"Prüfungsordnung Psychologie (polyvalent), Bachelor, (10/2021)",https://www.rwth-aachen.de/global/show_document.asp?id=aaaaaaaaccsczoz,29.08.2023,2023/093,2. Änderungsordnung (Gesamtfassung),
Richtlinien für die Erteilung und Vergütung von Lehraufträgen,https://www.rwth-aachen.de/global/show_document.asp?id=aaaaaaaaccgchmc,14.08.2023,2023/092,Richtlinie,
"Prüfungsordnung Große beruflichen Fachrichtung Elektrotechnik (Studiengangmodell III), Lehramt an Berufskollegs, Master, (10/2017)",https://www.rwth-aachen.de/global/show_document.asp?id=aaaaaaaaccdkftv,09.08.2023,2023/091,1. Änderungsordnung (Gesamtfassung),
"Prüfungsordnung Materialwissenschaften, Bachelor, (10/2023)",https://www.rwth-aachen.de/global/show_document.asp?id=aaaaaaaaccawkpt,07.08.2023,2023/090,Ordnung,
"Prüfungsordnung Unterrichtsfach Informatik, Lehramt an Berufskollegs, Bachelor (10/2023)",https://www.rwth-aachen.de/global/show_document.asp?id=aaaaaaaacbsnwnz,25.07.2023,2023/089,1. Änderungsordnung (Gesamtfassung),
"Prüfungsordnung Unterrichtsfach Informatik, Lehramt an Gymnasien und Gesamtschulen, Bachelor, (10/2023)",https://www.rwth-aachen.de/global/show_document.asp?id=aaaaaaaacbsntxu,25.07.2023,2023/088,1. Änderungsordnung (Gesamtfassung),
"Prüfungsordnung Architektur, Master, (10/2019)",https://www.rwth-aachen.de/global/show_document.asp?id=aaaaaaaacbsknmn,25.07.2023,2023/081,8. Änderungsordnung (Gesamtfassung),
"Prüfungsordnung Engineering Geohazards, Master, (10/2020)",https://www.rwth-aachen.de/global/show_document.asp?id=aaaaaaaacbskfok,25.07.2023,2023/080,3. Änderungsordnung (Gesamtfassung),
"Prüfungsordnung für das Bildungswissenschaftliche Studium und DSSZ, Lehramt am Berufskolleg, Master, Studiengangmodell III, (10/2017)",https://www.rwth-aachen.de/global/show_document.asp?id=aaaaaaaacbnckai,18.07.2023,2023/079,3. Änderungsordnung (Gesamtfassung),
"Prüfungsordnung Große berufliche Fachrichtung Maschinenbautechnik (Studiengangmodell III), Lehramt an Berufskollegs, Master, (10/2017)",https://www.rwth-aachen.de/global/show_document.asp?id=aaaaaaaacbncbws,18.07.2023,2023/078,2. Änderungsordnung (Gesamtfassung),
Fachschaftsrahmenordnung der Studierendenschaft,https://www.rwth-aachen.de/global/show_document.asp?id=aaaaaaaacbnbgpp,18.07.2023,2023/076,10. Änderungsordnung (Gesamtfassung),
"Prüfungsordnung Materials Engineering, Master, (10/2022)",https://www.rwth-aachen.de/global/show_document.asp?id=aaaaaaaacbamvnr,11.07.2023,2023/074,1. Änderungsordnung (Gesamtfassung),
Grundordnung,https://www.rwth-aachen.de/global/show_document.asp?id=aaaaaaaacazghxj,10.07.2023,2023/073,10. Änderungsordnung (Gesamtfassung),
"Prüfungsordnung Wirtschaftsingenieurwesen (Business Administration and Engineering), Bachelor, (10/2013)",https://www.rwth-aachen.de/global/show_document.asp?id=aaaaaaaacazexop,10.07.2023,2023/072,10. Änderungsordnung (Gesamtfassung),30.09.2024
"Prüfungsordnung Nachhaltige Rohstoff- und Energieversorgung, Bachelor, (10/2018 s)",https://www.rwth-aachen.de/global/show_document.asp?id=aaaaaaaacaxvley,06.07.2023,2023/063,5. Änderungsordnung (Gesamtfassung),31.03.2028
"Prüfungsordnung Physik, Bachelor, (10/2023)",https://www.rwth-aachen.de/global/show_document.asp?id=aaaaaaaacaxtyev,06.07.2023,2023/061,Berichtigung der Ordnung,
Geschäftsordnung der Ausländerinnen- und Ausländervertretung,https://www.rwth-aachen.de/global/show_document.asp?id=aaaaaaaacaquenb,29.06.2023,2023/059,1. Änderungsordnung (Gesamtfassung),
"Prüfungsordnung Technik-Kommunikation, Master, (10/2013 s)",https://www.rwth-aachen.de/global/show_document.asp?id=aaaaaaaacajftnx,20.06.2023,2023/058,8. Änderungsordnung (Gesamtfassung),31.03.2027
"Prüfungsordnung Technik-Kommunikation, Bachelor, (10/2013 s)",https://www.rwth-aachen.de/global/show_document.asp?id=aaaaaaaacajfoua,20.06.2023,2023/057,8. Änderungsordnung (Gesamtfassung),31.03.2027
"Prüfungsordnung Physik Plus, Bachelor, (10/2023)",https://www.rwth-aachen.de/global/show_document.asp?id=aaaaaaaabztzjvo,01.06.2023,2023/055,Ordnung,
"Prüfungsordnung Physik, Bachelor, (10/2023)",https://www.rwth-aachen.de/global/show_document.asp?id=aaaaaaaabztyxfu,01.06.2023,2023/054,Ordnung,
Satzung des Sprachenzentrums,https://www.rwth-aachen.de/global/show_document.asp?id=aaaaaaaacbrjblx,23.05.2023,2023/051,2. Änderungsordnung (Gesamtfassung),
Ordnung über den Umgang mit Ordnungsverstößen von Studierenden und Ordnungsmaßnahmen,https://www.rwth-aachen.de/global/show_document.asp?id=aaaaaaaabzefqvt,11.05.2023,2023/049,Ordnung,
Hausordnung der RWTH,https://www.rwth-aachen.de/global/show_document.asp?id=aaaaaaaabyysibj,04.05.2023,2023/048,4. Änderungsordnung (Gesamtfassung),
"Prüfungsordnung Automatisierungstechnik, Master, (10/2013 s)",https://www.rwth-aachen.de/global/show_document.asp?id=aaaaaaaabyysfpi,04.05.2023,2023/047,9. Änderungsordnung (Gesamtfassung),31.03.2026
"Prüfungsordnung Automatisierungstechnik, Master, (10/2023)",https://www.rwth-aachen.de/global/show_document.asp?id=aaaaaaaabyyrvsh,04.05.2023,2023/046,1. Änderungsordnung (Gesamtfassung),
Promotionsordnung Fakultät für Maschinenwesen,https://www.rwth-aachen.de/global/show_document.asp?id=aaaaaaaabymboxy,20.04.2023,2023/044,7. Änderungsordnung (Gesamtfassung),
"Prüfungsordnung Chemie, Master, (04/2022)",https://www.rwth-aachen.de/global/show_document.asp?id=aaaaaaaabxxpusu,04.04.2023,2023/042,2. Änderungsordnung (Gesamtfassung),
"Prüfungsordnung Chemie, Master, (10/2009 s)",https://www.rwth-aachen.de/global/show_document.asp?id=aaaaaaaabxxpfvc,04.04.2023,2023/041,9. Änderungsordnung (Gesamtfassung),30.09.2024
Habilitationsordnung Fakultät für Georessourcen und Materialtechnik,https://www.rwth-aachen.de/global/show_document.asp?id=aaaaaaaabxffazy,23.03.2023,2023/040,1. Änderungsordnung (Gesamtfassung),
"Prüfungsordnung Lasers in Dentistry, Master, (10/2010 s)",https://www.rwth-aachen.de/global/show_document.asp?id=aaaaaaaabxfdyia,23.03.2023,2023/036,2. Änderungsordnung (Gesamtfassung),30.09.2024
Geschäftsordnung für den Tierschutzausschuss,https://www.rwth-aachen.de/global/show_document.asp?id=aaaaaaaabwxsmsn,16.03.2023,2023/034,Sonstiges,
"Prüfungsordnung Philosophie, Literatur- und Sprachwissenschaft, Bachelor, (10/2021)",https://www.rwth-aachen.de/global/show_document.asp?id=aaaaaaaabwxpldc,16.03.2023,2023/031,2. Änderungsordnung (Gesamtfassung),
"Prüfungsordnung Construction and Robotics, Master, (04/2020)",https://www.rwth-aachen.de/global/show_document.asp?id=aaaaaaaabwqvocr,09.03.2023,2023/028,4. Änderungsordnung (Gesamtfassung),31.03.2027
"Prüfungsordnung berufliche Fachrichtung Elektrotechnik (Studiengangmodell I) oder mit der Großen beruflichen Fachrichtung Elektrotechnik (Studiengangmodell II), Lehramt an Berufskollegs, Bachelor, (10/2017)",https://www.rwth-aachen.de/global/show_document.asp?id=aaaaaaaabwoaymw,07.03.2023,2023/025,1. Änderungsordnung (Gesamtfassung),
"Prüfungsordnung Unterrichtsfach Physik, Lehramt an Berufskollegs, Bachelor, (10/2023)",https://www.rwth-aachen.de/global/show_document.asp?id=aaaaaaaabwoacer,07.03.2023,2023/024,Ordnung,
"Prüfungsordnung Unterrichtsfach Physik, Lehramt an Gymnasien und Gesamtschulen, Bachelor, (10/2023)",https://www.rwth-aachen.de/global/show_document.asp?id=aaaaaaaabwnzoas,07.03.2023,2023/023,Ordnung,
"Prüfungsordnung Unterrichtsfach Technik, Lehramt an Gymnasien und Gesamtschulen, Master, (10/2018)",https://www.rwth-aachen.de/global/show_document.asp?id=aaaaaaaabwhscvx,28.02.2023,2023/014,2. Änderungsordnung (Gesamtfassung),
"Prüfungsordnung Wirtschaftsgeographie, Master, (10/2013 s)",https://www.rwth-aachen.de/global/show_document.asp?id=aaaaaaaabvyrzas,14.02.2023,2023/012,5. Änderungsordnung (Gesamtfassung),
"Prüfungsordnung Angewandte Geographie, Master, (10/2013 s)",https://www.rwth-aachen.de/global/show_document.asp?id=aaaaaaaabvyrshf,14.02.2023,2023/011,5. Änderungsordnung (Gesamtfassung),
"Prüfungsordnung Sprach- und Kommunikationswissenschaft, Bachelor, (10/2022)",https://www.rwth-aachen.de/global/show_document.asp?id=aaaaaaaabvurmut,09.02.2023,2023/008,1. Änderungsordnung (Gesamtfassung),
"Prüfungsordnung, Literatur- und Sprachwissenschaft, Bachelor, (10/2017)",https://www.rwth-aachen.de/global/show_document.asp?id=aaaaaaaabvqkyem,06.02.2023,2023/007,3. Änderungsordnung (Gesamtfassung),30.09.2026
Satzung für das Auswahlverfahren in örtlich zulassungsbeschränkten Studiengängen,https://www.rwth-aachen.de/global/show_document.asp?id=aaaaaaaabvovooj,03.02.2023,2023/005,2. Änderungsordnung (Gesamtfassung),
"Prüfungsordnung Robotic Systems Engineering, Master, (10/2019)",https://www.rwth-aachen.de/global/show_document.asp?id=aaaaaaaabvaahms,20.01.2023,2023/002,2. Änderungsordnung (Gesamtfassung),30.09.2024
"Prüfungsordnung Große beruflichen Fachrichtung Maschinenbautechnik, Lehramt an Berufkollegs, Bachelor, (10/2020)",https://www.rwth-aachen.de/global/show_document.asp?id=aaaaaaaabugokhs,23.12.2022,2022/170,2. Änderungsordnung (Gesamtfassung),
"Prüfungsordnung Master of Business Administration in Digitalization and Industrial Change (Full-Time MBA), Master, (10/2023)",https://www.rwth-aachen.de/global/show_document.asp?id=aaaaaaaabugcrsx,22.12.2022,2022/169,Ordnung,
"Prüfungsordnung Master of Business Administration in Digitalization and Industrial Change (Full-Time MBA), Master, (10/2021)",https://www.rwth-aachen.de/global/show_document.asp?id=aaaaaaaabufpstv,21.12.2022,2022/168,2. Änderungsordnung (Gesamtfassung),31.03.2025
"Fakultätsordnung, Wirtschaftswissenschaften",https://www.rwth-aachen.de/global/show_document.asp?id=aaaaaaaabufpasa,21.12.2022,2022/167,6. Änderungsordnung (Gesamtfassung),
Leitlinien und Verfahren zur Sicherung guter wissenschaftlicher Praxis,https://www.rwth-aachen.de/global/show_document.asp?id=aaaaaaaabuenrjf,20.12.2022,2022/164,1. Änderungsordnung (Gesamtfassung),
"Prüfungsordnung, Hebammenwissenschaft, Bachelor, (04/2022)",https://www.rwth-aachen.de/global/show_document.asp?id=aaaaaaaabudzmaf,19.12.2022,2022/163,1. Änderungsordnung (Gesamtfassung),
"Praxissemester, Master, Lehramt an Gymnasien und Gesamtschulen sowie Lehramt an Berufskollegs",https://www.rwth-aachen.de/global/show_document.asp?id=aaaaaaaabudwrpo,19.12.2022,2022/160,Berichtigung der 2. Änderungsordnung (Gesamtfassung),
"Prüfungsordnung Master of Science in Management and Engineering in Structural Engineering and Risk Management of Industrial Facilities (MME-Construct) der RWTH Aachen und der Maastricht School of Management, Master, (10/2018)",https://www.rwth-aachen.de/global/show_document.asp?id=aaaaaaaabtxbdqa,12.12.2022,2022/155,4. Änderungsordnung (Gesamtfassung),30.09.2024
"Prüfungsordnung Master of Science in Management and Engineering in Water (MME-Water) der RWTH Aachen und der Maastricht School of Management, Master, (10/2018)",https://www.rwth-aachen.de/global/show_document.asp?id=aaaaaaaabtrqvts,05.12.2022,2022/154,1. Änderungsordnung (Gesamtfassung),30.09.2024
"Prüfungsordnung Master of Science in Management and Engineering in Structural Engineering and Risk Management of Industrial Facilities (MME-Construct), Master, (10/2021)",https://www.rwth-aachen.de/global/show_document.asp?id=aaaaaaaabtrpxgb,05.12.2022,2022/153,1. Änderungsordnung (Gesamtfassung),30.09.2024
"Fakultätsordnung, Medizinische Fakultät",https://www.rwth-aachen.de/global/show_document.asp?id=aaaaaaaabstobik,09.11.2022,2022/151,7. Änderungsordnung (Gesamtfassung),
Richtlinien zur Vergabe des Social Entrepreneurship Program-Stipendiums der RWTH Aachen,https://www.rwth-aachen.de/global/show_document.asp?id=aaaaaaaabsnvrao,03.11.2022,2022/150,1. Änderungsordnung (Gesamtfassung),
"Gleichstellungsplan, Rahmenplan",https://www.rwth-aachen.de/global/show_document.asp?id=aaaaaaaabsirioh,27.10.2022,2022/149,Ordnung,31.10.2027
"Prüfungsordnung berufliche Fachrichtung Bautechnik, Lehramt an Berufskollegs, Master, (10/2022)",https://www.rwth-aachen.de/global/show_document.asp?id=aaaaaaaabqzukmh,20.09.2022,2022/137,Ordnung,
"Prüfungsordnung Große berufliche Fachrichtung Bautechnik, Lehramt an Berufskollegs, Master, (10/2022)",https://www.rwth-aachen.de/global/show_document.asp?id=aaaaaaaabqzszxz,20.09.2022,2022/136,Ordnung,
"Prüfungsordnung Große berufliche Fachrichtung Bautechnik, Lehramt an Berufskollegs, Bachelor, (10/2022)",https://www.rwth-aachen.de/global/show_document.asp?id=aaaaaaaabqzsxgg,20.09.2022,2022/135,Ordnung,
Ethik: Satzung der fakultätsübergreifenden Ethikkommission,https://www.rwth-aachen.de/global/show_document.asp?id=aaaaaaaabqdtlzo,29.08.2022,2022/126,Sonstiges,
"Prüfungsordnung Bildungswissenschaftliche Studium und DSSZ, Lehramt am Berufskolleg, Master, (10/2017)",https://www.rwth-aachen.de/global/show_document.asp?id=aaaaaaaabqdftyu,29.08.2022,2022/121,1. Änderungsordnung (Gesamtfassung),
"Prüfungsordnung Bildungswissenschaftliche Studium und DSSZ, Lehramt an Gymnasien und Gesamtschulen, Master, (10/2017)",https://www.rwth-aachen.de/global/show_document.asp?id=aaaaaaaabqdfnrm,29.08.2022,2022/120,1. Änderungsordnung (Gesamtfassung),
"Prüfungsordnung für das Bildungswissenschaftliche Studium, Lehramt an Gymnasien und Gesamtschulen, Bachelor, (10/2011)",https://www.rwth-aachen.de/global/show_document.asp?id=aaaaaaaabqdeuiz,29.08.2022,2022/119,3. Änderungsordnung (Gesamtfassung),
"Prüfungsordnung für das Bildungswissenschaftliche Studium, Lehramt am Berufskolleg, Bachelor, (10/2011)",https://www.rwth-aachen.de/global/show_document.asp?id=aaaaaaaabqddiyq,29.08.2022,2022/118,3. Änderungsordnung (Gesamtfassung),
"Allgemeine Lab-, Atelier- und Werkstattordnung der Fakultät 2",https://www.rwth-aachen.de/global/show_document.asp?id=aaaaaaaabptgidn,18.08.2022,2022/106,Ordnung,
Ordnung für die Zulassung von internationalen Studienbewerberinnen und Studienbewerbern,https://www.rwth-aachen.de/global/show_document.asp?id=aaaaaaaabpkspli,09.08.2022,2022/104,Ordnung,
Promotionsordnung Fakultät Georessourcen und Materialtechnik,https://www.rwth-aachen.de/global/show_document.asp?id=aaaaaaaabpflubt,02.08.2022,2022/100,6. Änderungsordnung (Gesamtfassung),
"Prüfungsordnung Molekulare und Angewandte Biotechnologie, Bachelor, (10/2010 s)",https://www.rwth-aachen.de/global/show_document.asp?id=aaaaaaaabpfjbst,02.08.2022,2022/098,4. Änderungsordnung (Gesamtfassung),31.03.2028
"Prüfungsordnung Biologie, Bachelor, (10/2010 s)",https://www.rwth-aachen.de/global/show_document.asp?id=aaaaaaaabpfintz,02.08.2022,2022/097,3. Änderungsordnung (Gesamtfassung),31.03.2028
Übergreifende Prüfungsordnung zur Erweiterung eines lehramtsbezogenen Abschlusses,https://www.rwth-aachen.de/global/show_document.asp?id=aaaaaaaabpbpboz,27.07.2022,2022/094,1. Änderungsordnung (Gesamtfassung),
Promotionsordnung Philosophische Fakultät,https://www.rwth-aachen.de/global/show_document.asp?id=aaaaaaaabpbowwk,27.07.2022,2022/092,12. Änderungsordnung (Gesamtfassung),
"Prüfungsordnung Metallurgical Engineering, Master, (10/2010 s)",https://www.rwth-aachen.de/global/show_document.asp?id=aaaaaaaabowctrr,19.07.2022,2022/088,8. Änderungsordnung (Gesamtfassung),30.09.2025
Ordnung für den Aachener Hochschulsport,https://www.rwth-aachen.de/global/show_document.asp?id=aaaaaaaabowcswn,19.07.2022,2022/087,2. Änderungsordnung (Gesamtfassung),
"Prüfungsordnung Governance von Technologie und Innovation, Master, (10/2019)",https://www.rwth-aachen.de/global/show_document.asp?id=aaaaaaaabowcibh,19.07.2022,2022/085,Berichtigung der 1. Änderungsordnung (Gesamtfassung),
Satzung des Studierendenwerks Aachen,https://www.rwth-aachen.de/global/show_document.asp?id=aaaaaaaabowayfw,19.07.2022,2022/084,Ordnung,
Gleichstellungsquote für den Zeitraum 01.10.2021 bis 30.09.2024,https://www.rwth-aachen.de/global/show_document.asp?id=aaaaaaaaboqlhup,08.07.2022,2022/080,Ordnung,30.09.2024
Dienstanweisung 7.6 Liquiditätsmanagement (Kasse),https://www.rwth-aachen.de/global/show_document.asp?id=aaaaaaaabomihqc,04.07.2022,2022/079,Sonstiges,
Jahresabschluss des Studierendenwerks Aachen - Anstalt des öffentlichen Rechts - für das Geschäftsjahr vom 1. Januar bis zum 31. Dezember 2020,https://www.rwth-aachen.de/global/show_document.asp?id=aaaaaaaaboiayfm,27.06.2022,2022/074,Sonstiges,
"Prüfungsordnung Betriebswirtschaftslehre (Business Administration), Bachelor, (10/2019)",https://www.rwth-aachen.de/global/show_document.asp?id=aaaaaaaaboiahvo,27.06.2022,2022/072,6. Änderungsordnung (Gesamtfassung),31.03.2026
"Prüfungsordnung Betriebswirtschaftslehre (Business Administration), Bachelor, (10/2021)",https://www.rwth-aachen.de/global/show_document.asp?id=aaaaaaaaboiadau,27.06.2022,2022/071,2. Änderungsordnung (Gesamtfassung),
Dienstanweisung für die Finanzbuchhaltung an der RWTH Aachen,https://www.rwth-aachen.de/global/show_document.asp?id=aaaaaaaabohxpac,27.06.2022,2022/070,Sonstiges,
Auswahlkriterien Auswahlverfahren im Studiengängen Zahnmedizin ab dem Wintersemester 2020/2021,https://www.rwth-aachen.de/global/show_document.asp?id=aaaaaaaaboekwrg,22.06.2022,2022/069,Ordnung,
Auswahlkriterien Auswahlverfahren im Studiengang Humanmedizin ab dem Wintersemester 2020/2021,https://www.rwth-aachen.de/global/show_document.asp?id=aaaaaaaaboekujf,22.06.2022,2022/068,Ordnung,
Fachschaftsordnung 1/3 Biowissenschaften,https://www.rwth-aachen.de/global/show_document.asp?id=aaaaaaaaboekqwe,22.06.2022,2022/067,4. Änderungsordnung (Gesamtfassung),
"Fakultätsordnung, Mathematik, Informatik und Naturwissenschaften",https://www.rwth-aachen.de/global/show_document.asp?id=aaaaaaaabnpyvrt,02.06.2022,2022/060,8. Änderungsordnung (Gesamtfassung),
Promotionsordnung Fakultät Wirtschaftswissenschaften,https://www.rwth-aachen.de/global/show_document.asp?id=aaaaaaaabnlljxc,27.05.2022,2022/058,7. Änderungsordnung (Gesamtfassung),
"Prüfungsordnung Politikwissenschaft, Master, (10/2022)",https://www.rwth-aachen.de/global/show_document.asp?id=aaaaaaaabnlkvau,27.05.2022,2022/057,Ordnung,
"Prüfungsordnung berufliche Fachrichtung Textiltechnik, Lehramt an Berufskollegs, Bachelor, (10/2022)",https://www.rwth-aachen.de/global/show_document.asp?id=aaaaaaaablynhiv,12.04.2022,2022/046,Ordnung,
Leitlinie guter Beschäftigungsbedingungen für das Personal,https://www.rwth-aachen.de/global/show_document.asp?id=aaaaaaaablmtazx,01.04.2022,2022/028,Berichtigung der Richtlinie,
"Prüfungsordnung, Literatur- und Sprachwissenschaft, Master, (10/2015)",https://www.rwth-aachen.de/global/show_document.asp?id=aaaaaaaablgbaht,25.03.2022,2022/023,Berichtigung der 5. Änderungsordnung (Gesamtfassung),31.03.2026
"Prüfungsordnung Data Analytics and Decision Science, Master, (10/2019)",https://www.rwth-aachen.de/global/show_document.asp?id=aaaaaaaabkhzhiu,02.03.2022,2022/017,4. Änderungsordnung (Gesamtfassung),
"Prüfungsordnung Governance von Technologie und Innovation, Master, (10/2019)",https://www.rwth-aachen.de/global/show_document.asp?id=aaaaaaaabkgceiu,25.02.2022,2022/015,1. Änderungsordnung (Gesamtfassung),
"Prüfungsordnung Germanistische und Allgemeine Literaturwissenschaften ,Master (10/2022 s)",https://www.rwth-aachen.de/global/show_document.asp?id=aaaaaaaabjuqbqw,11.02.2022,2022/012,Ordnung,
"Prüfungsordnung, Literatur- und Sprachwissenschaft, Master, (10/2015)",https://www.rwth-aachen.de/global/show_document.asp?id=aaaaaaaabkactzd,10.02.2022,2022/009,5. Änderungsordnung (Gesamtfassung),31.03.2026
"Prüfungsordnung berufliche Fachrichtung Wirtschaftswissenschaft, Lehramt an Berufskollegs, Master, (10/2017)",https://www.rwth-aachen.de/global/show_document.asp?id=aaaaaaaabjtlgct,10.02.2022,2022/007,5. Änderungsordnung (Gesamtfassung),
"Fakultätsordnung, Bauingenieurwesen",https://www.rwth-aachen.de/global/show_document.asp?id=aaaaaaaabiranjv,10.01.2022,2022/001,4. Änderungsordnung (Gesamtfassung),
Publikationsrichtlinie der Rheinisch-Westfälischen Technischen Hochschule Aachen,https://www.rwth-aachen.de/global/show_document.asp?id=aaaaaaaabijvsxp,23.12.2021,2021/211,1. Änderungsordnung (Gesamtfassung),
"Richtlinien zur Vergabe, Förderung und Durchführung von Langzeitfellowship-Programmen an der RWTH Aachen",https://www.rwth-aachen.de/global/show_document.asp?id=aaaaaaaabijveay,23.12.2021,2021/210,Richtlinie,
Wahlordnung für die Wahlen zum Senat und zu den Fakultätsräten,https://www.rwth-aachen.de/global/show_document.asp?id=aaaaaaaabieuqxf,15.12.2021,2021/209,7. Änderungsordnung (Gesamtfassung),
Verfahrensordnung der Rheinisch-Westfälischen Technischen Hochschule Aachen,https://www.rwth-aachen.de/global/show_document.asp?id=aaaaaaaabiettod,15.12.2021,2021/208,9. Änderungsordnung (Gesamtfassung),
"Prüfungsordnung Wirtschaftsingenieurwesen Fachrichtung Maschinenbau, Bachelor, (10/2011 s)",https://www.rwth-aachen.de/global/show_document.asp?id=aaaaaaaabiemjdo,15.12.2021,2021/205,6. Änderungsordnung (Gesamtfassung),30.09.2024
"Prüfungsordnung Unterrichtsfach Katholische Religionslehre, Master, Lehramt an Gymnasien und Gesamtschulen (10/2017)",https://www.rwth-aachen.de/global/show_document.asp?id=aaaaaaaabiaztdt,09.12.2021,2021/201,1. Änderungsordnung (Gesamtfassung),
"Prüfungsordnung Unterrichtsfach Katholische Religionslehre, Master, Lehramt an Berufskollegs (10/2017)",https://www.rwth-aachen.de/global/show_document.asp?id=aaaaaaaabialaar,08.12.2021,2021/200,1. Änderungsordnung (Gesamtfassung),
"Prüfungsordnung Physik Plus, Bachelor, (10/2020)",https://www.rwth-aachen.de/global/show_document.asp?id=aaaaaaaabiafuvb,08.12.2021,2021/197,3. Änderungsordnung (Gesamtfassung),30.09.2028
"Prüfungsordnung Physik, Bachelor, (10/2012 s)",https://www.rwth-aachen.de/global/show_document.asp?id=aaaaaaaabiafigo,08.12.2021,2021/196,3. Änderungsordnung (Gesamtfassung),31.03.2027
Fachschaftsordnung 1/2 Chemie,https://www.rwth-aachen.de/global/show_document.asp?id=aaaaaaaabiaaylg,08.12.2021,2021/194,6. Änderungsordnung (Gesamtfassung),
"Prüfungsordnung Wirtschaftsingenieurwesen (Fachrichtung Elektrische Energietechnik), Master, (10/2015)",https://www.rwth-aachen.de/global/show_document.asp?id=aaaaaaaabhbkskk,12.11.2021,2021/190,Berichtigung der 4. Änderungsordnung (Gesamtfassung),
"Prüfungsordnung Unterrichtsfach Biologie, Lehramt an Gymnasien und Gesamtschulen, Master, (10/2017)",https://www.rwth-aachen.de/global/show_document.asp?id=aaaaaaaabfytjos,18.10.2021,2021/182,Berichtigung der 2. Änderungsordnung (Gesamtfassung),31.03.2028
"Prüfungsordnung Unterrichtsfach Biologie, Lehramt an Berufskollegs, Master, (10/2017)",https://www.rwth-aachen.de/global/show_document.asp?id=aaaaaaaabfytfdz,18.10.2021,2021/181,Berichtigung der 2. Änderungsordnung (Gesamtfassung),31.03.2028
"Prüfungsordnung Computational Engineering Science, Bachelor, (10/2011 s)",https://www.rwth-aachen.de/global/show_document.asp?id=aaaaaaaabfyszxt,18.10.2021,2021/180,5. Änderungsordnung (Gesamtfassung),
"Prüfungsordnung Computational Engineering Science, Master, (04/2011 s)",https://www.rwth-aachen.de/global/show_document.asp?id=aaaaaaaabfqhbjj,08.10.2021,2021/177,6. Änderungsordnung (Gesamtfassung),
Geschäftsordnung für das Planning and Allocation Committee,https://www.rwth-aachen.de/global/show_document.asp?id=aaaaaaaabfjjgtt,04.10.2021,2021/173,Ordnung,
"Prüfungsordnung Betriebswirtschaftslehre (Business Administration), Master, (10/2013)",https://www.rwth-aachen.de/global/show_document.asp?id=aaaaaaaabfcenye,28.09.2021,2021/171,9. Änderungsordnung (Gesamtfassung),30.09.2024
"Prüfungsordnung Chemie, Bachelor, (10/2021)",https://www.rwth-aachen.de/global/show_document.asp?id=aaaaaaaabetrawe,21.09.2021,2021/161,Ordnung,
"Prüfungsordnung Große beruflichen Fachrichtung Maschinenbautechnik, Lehramt an Berufkollegs, Master, (10/2020)",https://www.rwth-aachen.de/global/show_document.asp?id=aaaaaaaabefsyno,07.09.2021,2021/150,1. Änderungsordnung (Gesamtfassung),
"Prüfungsordnung berufliche Fachrichtung Maschinenbautechnik, Master, Lehramt an Berufskollegs (10/2021)",https://www.rwth-aachen.de/global/show_document.asp?id=aaaaaaaabefrlkw,07.09.2021,2021/148,Ordnung,
"Prüfungsordnung berufliche Fachrichtung Maschinenbautechnik, Master, Lehramt an Berufskollegs (10/2017)",https://www.rwth-aachen.de/global/show_document.asp?id=aaaaaaaabefqiis,07.09.2021,2021/147,2. Änderungsordnung (Gesamtfassung),31.03.2029
"Prüfungsordnung Psychologie, Bachelor, (10/2019)",https://www.rwth-aachen.de/global/show_document.asp?id=aaaaaaaabeezshn,06.09.2021,2021/143,1. Änderungsordnung (Gesamtfassung),30.09.2027
"Prüfungsordnung Empirische Bildungsforschung, Master, (10/2014)",https://www.rwth-aachen.de/global/show_document.asp?id=aaaaaaaabeezath,06.09.2021,2021/142,1. Änderungsordnung (Gesamtfassung),
"Prüfungsordnung Digitale Medienkommunikation, Master, (10/2021)",https://www.rwth-aachen.de/global/show_document.asp?id=aaaaaaaabdveifx,27.08.2021,2021/141,Ordnung,
Habilitationsordnung Medizinische Fakultät,https://www.rwth-aachen.de/global/show_document.asp?id=aaaaaaaabdvdvat,27.08.2021,2021/140,2. Änderungsordnung (Gesamtfassung),
"Prüfungsordnung Mathematik, Bachelor, (10/2021)",https://www.rwth-aachen.de/global/show_document.asp?id=aaaaaaaabdiaquk,10.08.2021,2021/136,Ordnung,
Promotionsordnung Fakultät Elektrotechnik und Informationstechnik,https://www.rwth-aachen.de/global/show_document.asp?id=aaaaaaaabdhzjbf,10.08.2021,2021/134,4. Änderungsordnung (Gesamtfassung),
Fachschaftsordnung 10/1 Medizin,https://www.rwth-aachen.de/global/show_document.asp?id=aaaaaaaabdhxend,10.08.2021,2021/130,2. Änderungsordnung (Gesamtfassung),
"Ethik: Satzung der Ethikkommission, Fachgruppe Empirische Humanwissenschaften, Philosophische Fakultät",https://www.rwth-aachen.de/global/show_document.asp?id=aaaaaaaabdcnvmf,03.08.2021,2021/129,2. Änderungsordnung (Gesamtfassung),
"Prüfungsordnung Wirtschaftsingenieurwesen (Fachrichtung Werkstoff- und Prozesstechnik), Master, (10/2015)",https://www.rwth-aachen.de/global/show_document.asp?id=aaaaaaaabdbpmsk,02.08.2021,2021/125,6. Änderungsordnung (Gesamtfassung),
"Prüfungsordnung Wirtschaftsingenieurwesen (Fachrichtung Elektrische Energietechnik), Master, (10/2015)",https://www.rwth-aachen.de/global/show_document.asp?id=aaaaaaaabcxntuo,27.07.2021,2021/115,4. Änderungsordnung (Gesamtfassung),
"Prüfungsordnung Unterrichtsfach Biologie, Lehramt an Berufskollegs, Master, (10/2017)",https://www.rwth-aachen.de/global/show_document.asp?id=aaaaaaaabcdgvwa,01.07.2021,2021/107,2. Änderungsordnung (Gesamtfassung),31.03.2028
"Prüfungsordnung Unterrichtsfach Biologie, Lehramt an Gymnasien und Gesamtschulen, Master, (10/2017)",https://www.rwth-aachen.de/global/show_document.asp?id=aaaaaaaabcdgqtw,01.07.2021,2021/106,2. Änderungsordnung (Gesamtfassung),31.03.2028
"Prüfungsordnung Unterrichtsfach Biologie, Lehramt an Berufskollegs, Bachelor, (10/2017)",https://www.rwth-aachen.de/global/show_document.asp?id=aaaaaaaabcdgcvm,01.07.2021,2021/105,2. Änderungsordnung (Gesamtfassung),31.03.2028
"Prüfungsordnung Unterrichtsfach Biologie, Lehramt an Gymnasien und Gesamtschulen, Bachelor, (10/2017)",https://www.rwth-aachen.de/global/show_document.asp?id=aaaaaaaabcdfhdb,01.07.2021,2021/104,2. Änderungsordnung (Gesamtfassung),31.03.2028
Ordnung für die Deutsche Sprachprüfung für den Hochschulzugang ausländischer Studienbewerberinnen und Studienbewerber (DSH),https://www.rwth-aachen.de/global/show_document.asp?id=aaaaaaaabbznxcs,28.06.2021,2021/103,Ordnung,
"Prüfungsordnung Soziologie, Master, (10/2021)",https://www.rwth-aachen.de/global/show_document.asp?id=aaaaaaaabawdsvk,25.05.2021,2021/095,Berichtigung der Ordnung,31.03.2027
"Ordnung zur Verleihung -außerplanmäßige Professorin-, außerplanmäßiger Professor, -Honorarprofessorin und Honorarprofessor-",https://www.rwth-aachen.de/global/show_document.asp?id=aaaaaaaaaejcefk,10.05.2021,2021/092,4. Änderungsordnung (Gesamtfassung),
"Richtlinien zur Aufbewahrung, Aussonderung, Archivierung und Vernichtung von Akten und Unterlagen",https://www.rwth-aachen.de/global/show_document.asp?id=aaaaaaaabafvdxi,04.05.2021,2021/088,1. Änderungsordnung (Gesamtfassung),
"Prüfungsordnung Soziologie, Master, (10/2021)",https://www.rwth-aachen.de/global/show_document.asp?id=aaaaaaaabaahyot,29.04.2021,2021/087,Ordnung,31.03.2027
"Prüfungsordnung Production Systems Engineering, Master, (10/2013)",https://www.rwth-aachen.de/global/show_document.asp?id=aaaaaaaabaagqyo,29.04.2021,2021/084,8. Änderungsordnung,
"Prüfungsordnung Politikwissenschaft, Master, (10/2014 s)",https://www.rwth-aachen.de/global/show_document.asp?id=aaaaaaaaazvqmjo,23.04.2021,2021/079,2. Änderungsordnung (Gesamtfassung),30.09.2025
"Prüfungsordnung Deutsch als Zweitsprache, Zertifikat",https://www.rwth-aachen.de/global/show_document.asp?id=aaaaaaaaazfvvai,06.04.2021,2021/073,Ordnung,
"Prüfungsordnung Materialwissenschaften, Master, (10/2011 s)",https://www.rwth-aachen.de/global/show_document.asp?id=aaaaaaaaazeivbg,01.04.2021,2021/068,1. Änderungsordnung (Gesamtfassung),
"Prüfungsordnung Materialwissenschaften, Bachelor, (10/2017)",https://www.rwth-aachen.de/global/show_document.asp?id=aaaaaaaaayzitlb,26.03.2021,2021/063,1. Änderungsordnung (Gesamtfassung),30.09.2027
"Prüfungsordnung Unterrichtsfach Wirtschaftslehre/Politik, Master, Lehramt an Berufskollegs (10/2020)",https://www.rwth-aachen.de/global/show_document.asp?id=aaaaaaaaayotfrn,17.03.2021,2021/054,1. Änderungsordnung (Gesamtfassung),
"Prüfungsordnung Cognitive, Digital and Empirical English Studies, Master, (10/2021)",https://www.rwth-aachen.de/global/show_document.asp?id=aaaaaaaaaycgknq,04.03.2021,2021/047,Ordnung,
"Prüfungsordnung Laboratory Animal Science, Master, (10/2014 s)",https://www.rwth-aachen.de/global/show_document.asp?id=aaaaaaaaaycgfim,04.03.2021,2021/045,1. Änderungsordnung (Gesamtfassung),
Berufungsordnung,https://www.rwth-aachen.de/global/show_document.asp?id=aaaaaaaaaxegibn,04.02.2021,2021/025,4. Änderungsordnung (Gesamtfassung),
Ordnung zur Zwischenevaluation von Juniorprofessorinnen und Juniorprofessoren,https://www.rwth-aachen.de/global/show_document.asp?id=aaaaaaaaaxefppg,04.02.2021,2021/024,Ordnung,
Ordnung zum Tenure-Track-Verfahren an der RWTH-Aachen,https://www.rwth-aachen.de/global/show_document.asp?id=aaaaaaaaaxeferh,04.02.2021,2021/023,2. Änderungsordnung (Gesamtfassung),
"Prüfungsordnung Mathematik, Bachelor, (10/2016)",https://www.rwth-aachen.de/global/show_document.asp?id=aaaaaaaaawqlcdx,13.01.2021,2021/019,Berichtigung der 5. Änderungsordnung (Gesamtfassung),30.09.2026
Fachschaftsordnung 7/1 Philosophie,https://www.rwth-aachen.de/global/show_document.asp?id=aaaaaaaaawqivxo,20.01.2021,2021/014,6. Änderungsordnung (Gesamtfassung),
"Prüfungsordnung Periodontology, Master, 102021)",https://www.rwth-aachen.de/global/show_document.asp?id=aaaaaaaaawqigth,20.01.2021,2021/013,Ordnung,
"Prüfungsordnung Unterrichtsfach Physik, Bachelor, Lehramt an Gymnasien und Gesamtschulen, (10/2017)",https://www.rwth-aachen.de/global/show_document.asp?id=aaaaaaaaawqhvbe,20.01.2021,2021/012,Berichtigung der 3. Änderungsordnung (Gesamtfassung),31.03.2027
Geschäftsordnung des Fachschaftsrates der Fachschaft 5/2 Materialwissenschaft und Werkstofftechnik,https://www.rwth-aachen.de/global/show_document.asp?id=aaaaaaaaawfgqga,08.01.2021,2021/010,3. Änderungsordnung (Gesamtfassung),
Fachschaftsordnung 5/2 Materialwissenschaft und Werkstofftechnik,https://www.rwth-aachen.de/global/show_document.asp?id=aaaaaaaaawfgkck,08.01.2021,2021/009,5. Änderungsordnung (Gesamtfassung),
Grundsätze für akademische Ehrungen und Auszeichnungen,https://www.rwth-aachen.de/global/show_document.asp?id=aaaaaaaaavxkpli,18.12.2020,2020/211,6. Änderungsordnung (Gesamtfassung),
"Prüfungsordnung Angewandte Geographie, Bachelor, (10/2013 s)",https://www.rwth-aachen.de/global/show_document.asp?id=aaaaaaaaavtixcm,15.12.2020,2020/203,4. Änderungsordnung (Gesamtfassung),
"Gesamtprüfungsordnung Elektrotechnik mit Orientierungssemester, Bachelor, (10/2018)",https://www.rwth-aachen.de/global/show_document.asp?id=aaaaaaaaaviyqgq,03.12.2020,2020/194,2. Änderungsordnung (Gesamtfassung),
Fachschaftsordnung 10/2 Zahnmedizin,https://www.rwth-aachen.de/global/show_document.asp?id=aaaaaaaaaviycze,03.12.2020,2020/193,1. Änderungsordnung (Gesamtfassung),
Fachschaftsordnung 3 Bauingenieurwesen,https://www.rwth-aachen.de/global/show_document.asp?id=aaaaaaaaavhnicf,02.12.2020,2020/190,3. Änderungsordnung (Gesamtfassung),
Geschäftsordnung der Obleuteversammlung des Sportreferats der Studierendenschaft der RWTH Aachen,https://www.rwth-aachen.de/global/show_document.asp?id=aaaaaaaaaveanvz,26.11.2020,2020/187,1. Änderungsordnung (Gesamtfassung),
"Prüfungsordnung Unterrichtsfach Physik, Bachelor, Lehramt an Gymnasien und Gesamtschulen, (10/2017)",https://www.rwth-aachen.de/global/show_document.asp?id=aaaaaaaaaveabys,26.11.2020,2020/186,3. Änderungsordnung (Gesamtfassung),31.03.2027
"Prüfungsordnung Unterrichtsfach Physik, Bachelor, Lehramt an Berufskollegs, (10/2017)",https://www.rwth-aachen.de/global/show_document.asp?id=aaaaaaaaavdzvhl,26.11.2020,2020/185,3. Änderungsordnung (Gesamtfassung),31.03.2027
"Prüfungsordnung Mathematik, Master, (10/2018)",https://www.rwth-aachen.de/global/show_document.asp?id=aaaaaaaaavatkug,23.11.2020,2020/183,2. Änderungsordnung (Gesamtfassung),31.03.2027
"Prüfungsordnung Mathematik, Bachelor, (10/2016)",https://www.rwth-aachen.de/global/show_document.asp?id=aaaaaaaaavateok,23.11.2020,2020/182,5. Änderungsordnung (Gesamtfassung),30.09.2026
Satzung des Kompetenzzentrums MINT-L4@RWTH,https://www.rwth-aachen.de/global/show_document.asp?id=aaaaaaaaaucaaow,30.10.2020,2020/173,1. Änderungsordnung (Gesamtfassung),
"Prüfungsordnung Große berufliche Fachrichtung Bautechnik, Bachelor, Lehramt an Berufskollegs, (10/2020)",https://www.rwth-aachen.de/global/show_document.asp?id=aaaaaaaaaubyiik,30.10.2020,2020/171,Ordnung,31.03.2026
"Prüfungsordnung berufliche Fachrichtung Bautechnik, Bachelor, Lehramt an Berufskollegs, (10/2020)",https://www.rwth-aachen.de/global/show_document.asp?id=aaaaaaaaaubxwtm,30.10.2020,2020/170,Ordnung,
"Prüfungsordnung berufliche Fachrichtung Maschinenbau, Bachelor, Lehramt an Berufskollegs (10/2020)",https://www.rwth-aachen.de/global/show_document.asp?id=aaaaaaaaatfufeb,12.10.2020,2020/167,Ordnung,
Habilitationsordnung Fakultät für Elektrotechnik und Informationstechnik,https://www.rwth-aachen.de/global/show_document.asp?id=aaaaaaaaasvbthf,07.10.2020,2020/165,2. Änderungsordnung (Gesamtfassung),
"Prüfungsordnung Unterrichtsfach Deutsch, Master, Lehramt an Berufskollegs (10/2020)",https://www.rwth-aachen.de/global/show_document.asp?id=aaaaaaaaarfelag,18.08.2020,2020/145,Ordnung,
"Prüfungsordnung Unterrichtsfach Deutsch, Master, Lehramt an Gymnasien und Gesamtschulen (10/2020)",https://www.rwth-aachen.de/global/show_document.asp?id=aaaaaaaaarfedne,18.08.2020,2020/144,Ordnung,
CLUSTERSTATUT ML4Q,https://www.rwth-aachen.de/global/show_document.asp?id=aaaaaaaaaqujbrr,05.08.2020,2020/138,Sonstiges,
"Prüfungsordnung Unterrichtsfach Deutsch, Bachelor, Lehramt an Berufskollegs, (10/2020)",https://www.rwth-aachen.de/global/show_document.asp?id=aaaaaaaaaqkgzvv,22.07.2020,2020/127,Ordnung,
"Prüfungsordnung Unterrichtsfach Deutsch, Bachelor, Lehramt an Gymnasien und Gesamtschulen, (10/2020)",https://www.rwth-aachen.de/global/show_document.asp?id=aaaaaaaaaqkgsqv,22.07.2020,2020/126,Ordnung,
"Prüfungsordnung Unterrichtsfach Englisch, Master, Lehramt an Berufskollegs, (10/2020)",https://www.rwth-aachen.de/global/show_document.asp?id=aaaaaaaaaqkgmoh,22.07.2020,2020/125,Berichtigung der Ordnung,
"Prüfungsordnung Unterrichtsfach Englisch, Master, Lehramt an Gymnasien und Gesamtschulen, (10/2020)",https://www.rwth-aachen.de/global/show_document.asp?id=aaaaaaaaaqkgnhj,22.07.2020,2020/124,Berichtigung der Ordnung,
"Prüfungsordnung Unterrichtsfach Englisch, Bachelor, Lehramt an Berufskollegs, (10/2020)",https://www.rwth-aachen.de/global/show_document.asp?id=aaaaaaaaaqhfncj,17.07.2020,2020/123,Berichtigung der Ordnung,
"Prüfungsordnung Unterrichtsfach Englisch, Bachelor, Lehramt an Gymnasien und Gesamtschulen, (10/2020)",https://www.rwth-aachen.de/global/show_document.asp?id=aaaaaaaaaqhfmha,17.07.2020,2020/122,Berichtigung der Ordnung,
"Fakultätsordnung, Maschinenwesen",https://www.rwth-aachen.de/global/show_document.asp?id=aaaaaaaaaqcuupy,13.07.2020,2020/116,8. Änderungsordnung (Gesamtfassung),
Gleichstellungsquote für Berufungen mit Tenure Track,https://www.rwth-aachen.de/global/show_document.asp?id=aaaaaaaaaqcnrar,10.07.2020,2020/115,Sonstiges,30.09.2024
"Ethik: Satzung der Ethik-Kommission, Medizinischen Fakultät",https://www.rwth-aachen.de/global/show_document.asp?id=aaaaaaaaapvwdgs,03.07.2020,2020/103,2. Änderungsordnung (Gesamtfassung),
"Benutzungsordnung, Hochschulbibliothek",https://www.rwth-aachen.de/global/show_document.asp?id=aaaaaaaaaprakfm,29.06.2020,2020/102,1. Änderungsordnung (Gesamtfassung),
Geschäftsordnung des Hochschulrates,https://www.rwth-aachen.de/global/show_document.asp?id=aaaaaaaaapcvckz,09.06.2020,2020/089,5. Änderungsordnung (Gesamtfassung),
"Prüfungsordnung berufliche Fachrichtung Textiltechnik, Lehramt an Berufskollegs, Bachelor, (10/2017)",https://www.rwth-aachen.de/global/show_document.asp?id=aaaaaaaaaokihdh,26.05.2020,2020/079,1. Änderungsordnung (Gesamtfassung),31.03.2028
"Prüfungsordnung Technology Entrepreneurship, Master, (10/2020)",https://www.rwth-aachen.de/global/show_document.asp?id=aaaaaaaaaokhvwx,26.05.2020,2020/078,1. Änderungsordnung (Gesamtfassung),
Satzung für das Auswahlverfahren in bundesweit zulassungsbeschränkten Studiengängen,https://www.rwth-aachen.de/global/show_document.asp?id=aaaaaaaaanwqahe,06.05.2020,2020/065,Ordnung,
Ergänzende Bestimmungen des Graduiertenkollegs Mittelstadt als Mitmachstadt -zur Rahmenordnung der Rheinisch-Westfälische Technische Hochschule Aachen zur Vergabe von Stipendien (Stipendienrahmenordnung)-,https://www.rwth-aachen.de/global/show_document.asp?id=aaaaaaaaantxjav,30.04.2020,2020/064,Sonstiges,
"Prüfungsordnung Unterrichtsfach Englisch, Master, Lehramt an Berufskollegs, (10/2020)",https://www.rwth-aachen.de/global/show_document.asp?id=aaaaaaaaamfwbot,23.03.2020,2020/048,Ordnung,
"Prüfungsordnung Unterrichtsfach Englisch, Master, Lehramt an Gymnasien und Gesamtschulen, (10/2020)",https://www.rwth-aachen.de/global/show_document.asp?id=aaaaaaaaamfvzoa,23.03.2020,2020/047,Ordnung,
"Prüfungsordnung Unterrichtsfach Englisch, Bachelor, Lehramt an Berufskollegs, (10/2020)",https://www.rwth-aachen.de/global/show_document.asp?id=aaaaaaaaamfvpbu,23.03.2020,2020/046,Ordnung,
"Prüfungsordnung Unterrichtsfach Englisch, Bachelor, Lehramt an Gymnasien und Gesamtschulen, (10/2020)",https://www.rwth-aachen.de/global/show_document.asp?id=aaaaaaaaamfvmky,23.03.2020,2020/045,Ordnung,
Satzung für die Vergabe des Brigitte-Gilles-Preises,https://www.rwth-aachen.de/global/show_document.asp?id=aaaaaaaaamennpq,19.03.2020,2020/044,1. Änderungsordnung (Gesamtfassung),
"Prüfungsordnung Theologie und Globale Entwicklung, Master (10/2020)",https://www.rwth-aachen.de/global/show_document.asp?id=aaaaaaaaajwfpao,13.01.2020,2020/001,Ordnung,
"Gesamtprüfungsordnung Bauingenieurwesen mit Orientierungssemester, Bachelor, (04/2020)",https://www.rwth-aachen.de/global/show_document.asp?id=aaaaaaaaaiwuccv,06.12.2019,2019/207,Ordnung,
Habilitationsordnung Fakultät für Maschinenwesen,https://www.rwth-aachen.de/global/show_document.asp?id=aaaaaaaaaitekbk,04.12.2019,2019/191,2. Änderungsordnung (Gesamtfassung),
Ordnung für das Sportreferat,https://www.rwth-aachen.de/global/show_document.asp?id=aaaaaaaaaijpsnt,22.11.2019,2019/190,2. Änderungsordnung (Gesamtfassung),
"Prüfungsordnung Master of Science in Management and Engineering in Computer Aided Mechanical Engineering (MME-CAME) der RWTH Aachen und der Maatricht School of Management, Master, (10/2016)",https://www.rwth-aachen.de/global/show_document.asp?id=aaaaaaaaahambgk,16.10.2019,2019/171,2. Änderungsordnung (Gesamtfassung),30.09.2024
Benutzungsordnung Fachbereichsbibliothek Wirtschaftswissenschaften,https://www.rwth-aachen.de/global/show_document.asp?id=aaaaaaaaaejcpdk,23.07.2019,2019/115,Ordnung,
"Prüfungsordnung Geschichtswissenschaft, Bachelor, (10/2019)",https://www.rwth-aachen.de/global/show_document.asp?id=aaaaaaaaaegtuxm,19.07.2019,2019/104,Ordnung,
"Prüfungsordnung Psychologie, Master, (10/2019)",https://www.rwth-aachen.de/global/show_document.asp?id=aaaaaaaaaddyeae,11.06.2019,2019/091,Ordnung,
Habilitationsordnung Fakultät für Bauingenieurwesen,https://www.rwth-aachen.de/global/show_document.asp?id=aaaaaaaaaddxvqd,11.06.2019,2019/089,1. Änderungsordnung (Gesamtfassung),
"Prüfungsordnung mit der Großen beruflichen Fachrichtung Bautechnik, Master, Lehramt an Berufskollegs, (10/2017)",https://www.rwth-aachen.de/global/show_document.asp?id=aaaaaaaaaddxnxk,11.06.2019,2019/087,1. Änderungsordnung (Gesamtfassung),31.03.2025
Habilitationsordnung Fakultät für Architektur,https://www.rwth-aachen.de/global/show_document.asp?id=aaaaaaaaacneved,14.05.2019,2019/076,1. Änderungsordnung (Gesamtfassung),
Auswahlkriterien Auswahlverfahren im Studiengängen Zahnmedizin zum Wintersemester 2019/2020,https://www.rwth-aachen.de/global/show_document.asp?id=aaaaaaaaabuadol,11.04.2019,2019/066,Berichtigung der Ordnung,
"Prüfungsordnung Production Systems Engineering, Master, (10/2013)",https://www.rwth-aachen.de/global/show_document.asp?id=aaaaaaaaablwtat,03.04.2019,2019/063,7. Änderungsordnung,
"Prüfungsordnung Große berufliche Fachrichtung Bautechnik, Bachelor, Lehramt an Berufskollegs, (10/2017)",https://www.rwth-aachen.de/global/show_document.asp?id=aaaaaaaaabfsqjm,27.03.2019,2019/061,1. Änderungsordnung,31.03.2024
Fachschaftsordnung 6 Elektrotechnik und Informationstechnik,https://www.rwth-aachen.de/global/show_document.asp?id=aaaaaaaaabecfeo,20.03.2019,2019/055,2. Änderungsordnung (Gesamtfassung),
"Prüfungsordnung Unterrichtsfach Deutsch, Bachelor, Lehramt an Berufskollegs, (10/2017)",https://www.rwth-aachen.de/global/show_document.asp?id=aaaaaaaaabdxnbh,05.03.2019,2019/049,2. Änderungsordnung,30.03.2024
"Prüfungsordnung Unterrichtsfach Deutsch, Bachelor, Lehramt an Gymnasien und Gesamtschulen, (10/2017)",https://www.rwth-aachen.de/global/show_document.asp?id=aaaaaaaaabdxnav,05.03.2019,2019/048,2. Änderungsordnung,30.03.2024
"Fakultätsordnung, Elektrotechnik und Informationstechnik",https://www.rwth-aachen.de/global/show_document.asp?id=aaaaaaaaabdvmhr,25.02.2019,2019/038,3. Änderungsordnung (Gesamtfassung),
Auswahlkriterien Auswahlverfahren im Studiengängen Zahnmedizin zum Wintersemester 2019/2020,https://www.rwth-aachen.de/global/show_document.asp?id=aaaaaaaaabdvmbc,25.02.2019,2019/036,Ordnung,
Auswahlkriterien Auswahlverfahren im Studiengang Humanmedizin zum Wintersemester 2018/2019 und zum Wintersemester 2019/2020,https://www.rwth-aachen.de/global/show_document.asp?id=aaaaaaaaabdvlzt,25.02.2019,2019/035,Berichtigung der Ordnung,
"Fakultätsordnung, Georessourcen und Materialtechnik",https://www.rwth-aachen.de/global/show_document.asp?id=aaaaaaaaabdjwcv,23.01.2019,2019/012,4. Änderungsordnung (Gesamtfassung),
Satzung der Biomaterialbank der Medizinischen Fakultät,https://www.rwth-aachen.de/global/show_document.asp?id=aaaaaaaaabbwbcl,02.10.2018,2018/191,Ordnung,
"Prüfungsordnung Große beruflichen Fachrichtung Maschinenbautechnik, Lehramt an Berufkollegs, Bachelor, (10/2011 s)",https://www.rwth-aachen.de/global/show_document.asp?id=aaaaaaaaabbwaxn,02.10.2018,2018/190,1. Änderungsordnung,31.03.2025
"Prüfungsordnung Lehramt an Berufskollegs mit der beruflichen Fachrichtung Maschinenbautechnik, Bachelor, (10/2011 s)",https://www.rwth-aachen.de/global/show_document.asp?id=aaaaaaaaabbwauc,02.10.2018,2018/189,1. Änderungsordnung,31.03.2025
"Prüfungsordnung Production Systems Engineering, Master, (10/2013)",https://www.rwth-aachen.de/global/show_document.asp?id=aaaaaaaaabbuhjp,28.09.2018,2018/184,6. Änderungsordnung,
"Promotionsordnung Fakultät Mathematik, Informatik und Naturwissenschaften",https://www.rwth-aachen.de/global/show_document.asp?id=aaaaaaaaabbniqr,11.09.2018,2018/174,7. Änderungsordnung (Gesamtfassung),
"Habilitationsordnung Fakultät für Mathematik, Informatik und Naturwissenschaften",https://www.rwth-aachen.de/global/show_document.asp?id=aaaaaaaaabbniog,11.09.2018,2018/173,Ordnung,
"Prüfungsordnung Production Systems Engineering, Master, (10/2013)",https://www.rwth-aachen.de/global/show_document.asp?id=aaaaaaaaabbiiym,28.08.2018,2018/150,5. Änderungsordnung,
Ordnung des Lehrerbildungszentrums (LBZ),https://www.rwth-aachen.de/global/show_document.asp?id=aaaaaaaaabbicpc,22.08.2018,2018/140,Berichtigung der 1. Änderungsordnung,
"Fakultätsordnung, Architektur",https://www.rwth-aachen.de/global/show_document.asp?id=aaaaaaaaabbfauy,13.08.2018,2018/139,7. Änderungsordnung (Gesamtfassung),
Richtlinie zur Förderung des wissenschaftlichen Austauschs mit internationalen Wissenschaftlerinnen und Wissenschaftler,https://www.rwth-aachen.de/global/show_document.asp?id=aaaaaaaaabbabpv,23.07.2018,2018/127,Richtlinie,
Jahresabschluss des Studierendenwerks Aachen - Anstalt des öffentlichen Rechts - für das Geschäftsjahr vom 1. Januar bis zum 31. Dezember 2017,https://www.rwth-aachen.de/global/show_document.asp?id=aaaaaaaaabavyfm,13.07.2018,2018/125,Sonstiges,
"Geschäftsordnung (GeschO), Gruppenvertretung der Wissenschaftlichen Mitarbeiterinnen und Mitarbeiter",https://www.rwth-aachen.de/global/show_document.asp?id=aaaaaaaaabanuyd,18.06.2018,2018/114,Ordnung,
"Prüfungsordnung Unterrichtsfach Englisch, Bachelor, Lehramt an Gymnasien und Gesamtschulen, (10/2017)",https://www.rwth-aachen.de/global/show_document.asp?id=aaaaaaaaabamfgf,12.06.2018,2018/108,1. Änderungsordnung (Gesamtfassung),31.03.2024
"Prüfungsordnung Unterrichtsfach Englisch, Bachelor, Lehramt an Berufskollegs, (10/2017)",https://www.rwth-aachen.de/global/show_document.asp?id=aaaaaaaaamfvvxj,12.06.2018,2018/107,1. Änderungsordnung,31.03.2024
"Prüfungsordnung Unterrichtsfach Deutsch, Bachelor, Lehramt an Gymnasien und Gesamtschulen, (10/2017)",https://www.rwth-aachen.de/global/show_document.asp?id=aaaaaaaaabameru,12.06.2018,2018/106,1. Änderungsordnung (Gesamtfassung),30.03.2024
"Prüfungsordnung Unterrichtsfach Deutsch, Bachelor, Lehramt an Berufskollegs, (10/2017)",https://www.rwth-aachen.de/global/show_document.asp?id=aaaaaaaaabamenk,12.06.2018,2018/105,1. Änderungsordnung (Gesamtfassung),30.03.2024
Ordnung des Lehrerbildungszentrums (LBZ),https://www.rwth-aachen.de/global/show_document.asp?id=aaaaaaaaaazyzkr,30.04.2018,2018/093,1. Änderungsordnung,
Verfahrensordnung zur Geschäftsordnung der Gruppenvertretung der Beschäftigten in Technik und Verwaltung,https://www.rwth-aachen.de/global/show_document.asp?id=aaaaaaaaaazyzkf,30.04.2018,2018/091,Ordnung,
Geschäftsordnung der zentralen Gruppenvertretung BTV,https://www.rwth-aachen.de/global/show_document.asp?id=aaaaaaaaaazyvgy,30.04.2018,2018/090,Ordnung,
"Prüfungsordnung Große berufliche Fachrichtung Maschinenbautechnik, Lehramt an Berufskollegs, Bachelor (10/2011 s)",https://www.rwth-aachen.de/global/show_document.asp?id=aaaaaaaaaazytob,30.04.2018,2018/076,Berichtigung,31.03.2025
"Prüfungsordnung Lehramt an Berufskollegs mit der beruflichen Fachrichtung Maschinenbautechnik, Bachelor (10/2011 s)",https://www.rwth-aachen.de/global/show_document.asp?id=aaaaaaaaaazytmk,30.04.2018,2018/075,Berichtigung,31.03.2025
"Prüfungsordnung Sprach- und Kommunikationswissenschaft, Bachelor, (10/2015 s)",https://www.rwth-aachen.de/global/show_document.asp?id=aaaaaaaaaazpdgh,06.04.2018,2018/067,Berichtigung,31.03.2027
Auswahlkriterien Auswahlverfahren im Studiengang Humanmedizin zum Wintersemester 2018/2019 und zum Wintersemester 2019/2020,https://www.rwth-aachen.de/global/show_document.asp?id=aaaaaaaaaaznoqp,29.03.2018,2018/044,Ordnung,
Benutzungsordnung für zentrale IT-Systeme,https://www.rwth-aachen.de/global/show_document.asp?id=aaaaaaaaaazcqbf,26.02.2018,2018/015,Ordnung,
"Ordnung, IT Center",https://www.rwth-aachen.de/global/show_document.asp?id=aaaaaaaaaayxxml,26.02.2018,2018/014,Ordnung,
Satzung zur Vergabe des Aachener Ingenieurpreises der Rheinisch-Westfälischen Technischen Hochschule und der Stadt Aachen,https://www.rwth-aachen.de/global/show_document.asp?id=aaaaaaaaaaydhni,19.12.2017,2017/378,2. Änderungsordnung (Gesamtfassung),
Auswahlkriterien für das Auswahlverfahren in dem örtlich zulassungsbeschränkten Masterstudiengang Lehr- und Forschungslogopädie,https://www.rwth-aachen.de/global/show_document.asp?id=aaaaaaaaaaxolvd,14.11.2017,2017/332,Ordnung,
"Prüfungsordnung Chemie, Bachelor, (10/2010 s)",https://www.rwth-aachen.de/global/show_document.asp?id=aaaaaaaaaaxmppr,08.11.2017,2017/330,2. Änderungsordnung,31.03.2025
Promotionsordnung Medizinische Fakultät,https://www.rwth-aachen.de/global/show_document.asp?id=aaaaaaaaaaxmnzk,08.11.2017,2017/321,6. Änderungsordnung (Gesamtfassung),
Jahresabschluss des Studierendenwerks Aachen - Anstalt des öffentlichen Rechts - für das Geschäftsjahr vom 1. Januar bis zum 31. Dezember 2016,https://www.rwth-aachen.de/global/show_document.asp?id=aaaaaaaaaaxjmda,26.10.2017,2017/317,Sonstiges,
"Prüfungsordnung Große beruflichen Fachrichtung Maschinenbautechnik, Lehramt an Berufkollegs, Bachelor, (10/2011 s)",https://www.rwth-aachen.de/global/show_document.asp?id=aaaaaaaaaawwjbt,13.09.2017,2017/269,Ordnung,31.03.2025
"Prüfungsordnung Lehramt an Berufskollegs mit der beruflichen Fachrichtung Maschinenbautechnik, Bachelor, (10/2011 s)",https://www.rwth-aachen.de/global/show_document.asp?id=aaaaaaaaaawwirs,13.09.2017,2017/268,Ordnung,31.03.2025
"Prüfungsordnung Unterrichtsfach Politik, Master, Lehramt an Berufskollegs (10/2017)",https://www.rwth-aachen.de/global/show_document.asp?id=aaaaaaaaaawvbwc,08.09.2017,2017/261,Ordnung,
"Prüfungsordnung mit der beruflichen Fachrichtung Bautechnik, Master, Lehramt an Berufskollegs, (10/2017)",https://www.rwth-aachen.de/global/show_document.asp?id=aaaaaaaaaawvbrx,08.09.2017,2017/256,Ordnung,31.03.2025
"Prüfungsordnung berufliche Fachrichtung Bautechnik, Bachelor, Lehramt an Berufskollegs, (10/2017)",https://www.rwth-aachen.de/global/show_document.asp?id=aaaaaaaaaawvbpf,08.09.2017,2017/252,Ordnung,31.03.2024
"Prüfungsordnung Große berufliche Fachrichtung Bautechnik, Bachelor, Lehramt an Berufskollegs, (10/2017)",https://www.rwth-aachen.de/global/show_document.asp?id=aaaaaaaaaawvbob,08.09.2017,2017/251,Ordnung,31.03.2024
"Prüfungsordnung mit Großen beruflichen Fachrichtung Elektrotechnik, Master, Lehramt an Berufskollegs, (10/2017)",https://www.rwth-aachen.de/global/show_document.asp?id=aaaaaaaaaawtazo,01.09.2017,2017/243,Ordnung,
"Prüfungsordnung mit der beruflichen Fachrichtung Elektrotechnik, Master, Lehramt an Berufskollegs, (10/2017)",https://www.rwth-aachen.de/global/show_document.asp?id=aaaaaaaaaawtazc,01.09.2017,2017/242,Ordnung,
"Prüfungsordnung mit der beruflichen Fachrichtung Textiltechnik, Master, Lehramt an Berufskollegs, (10/2017)",https://www.rwth-aachen.de/global/show_document.asp?id=aaaaaaaaaawtawp,01.09.2017,2017/240,Ordnung,
"Prüfungsordnung Unterrichtsfach Physik, Master, Lehramt an Gymnasien und Gesamtschulen, (10/2017)",https://www.rwth-aachen.de/global/show_document.asp?id=aaaaaaaaaawpsis,17.08.2017,2017/218,Ordnung,
"Prüfungsordnung Unterrichtsfach Physik, Master, Lehramt an Berufskollegs, (10/2017)",https://www.rwth-aachen.de/global/show_document.asp?id=aaaaaaaaaawpshx,17.08.2017,2017/217,Ordnung,
Tierschutz-Codex,https://www.rwth-aachen.de/global/show_document.asp?id=aaaaaaaaaawprwm,17.08.2017,2017/211,Sonstiges,
"Prüfungsordnung Unterrichtsfach Geschichte, Master, Lehramt an Gymnasien und Gesamtschulen, (10/2017)",https://www.rwth-aachen.de/global/show_document.asp?id=aaaaaaaaaawnyhl,09.08.2017,2017/202,Ordnung,
"Prüfungsordnung Unterrichtsfach Geschichte, Bachelor, Lehramt an Gymnasien und Gesamtschulen, (10/2017)",https://www.rwth-aachen.de/global/show_document.asp?id=aaaaaaaaaawnxec,09.08.2017,2017/200,Ordnung,
"Prüfungsordnung Unterrichtsfach Katholische Religionslehre, Bachelor, Lehramt an Gymnasien und Gesamtschulen, (10/2015 s)",https://www.rwth-aachen.de/global/show_document.asp?id=aaaaaaaaaawnxai,09.08.2017,2017/197,Ordnung,
"Prüfungsordnung Unterrichtsfach Katholische Religionslehre, Bachelor, Lehramt an Berufskollegs, (10/2015 s)",https://www.rwth-aachen.de/global/show_document.asp?id=aaaaaaaaaawnwzt,09.08.2017,2017/196,Ordnung,
"Prüfungsordnung Sprach- und Kommunikationswissenschaft, Bachelor, (10/2015 s)",https://www.rwth-aachen.de/global/show_document.asp?id=aaaaaaaaaavggib,06.04.2017,2017/089,1. Änderungsordnung,31.03.2027
"Prüfungsordnung Geschichte als Wissenskultur, Master, (04/2017)",https://www.rwth-aachen.de/global/show_document.asp?id=aaaaaaaaaaveklb,30.03.2017,2017/086,Ordnung,
Zugang von beruflich qualifizierten Bewerberinnen und Bewerbern zum Studium an der RWTH,https://www.rwth-aachen.de/global/show_document.asp?id=aaaaaaaaaauqlnr,16.02.2017,2017/034,2. Änderungsordnung (Gesamtfassung),
Rahmenbenutzungsordnung für die Dezentralen Bibliotheken der RWTH,https://www.rwth-aachen.de/global/show_document.asp?id=aaaaaaaaaauqkqu,16.02.2017,2017/033,Ordnung,
Rahmenordnung zur Vergabe von Stipendien,https://www.rwth-aachen.de/global/show_document.asp?id=aaaaaaaaaaulgzj,02.02.2017,2017/026,Berichtigung der Ordnung,
"Prüfungsordnung Production Systems Engineering, Master, (10/2013)",https://www.rwth-aachen.de/global/show_document.asp?id=aaaaaaaaaatqxhx,23.11.2016,2016/159,4. Änderungsordnung,
Überlassungsordnung von Sportanlagen des Hochschulsportzentrums,https://www.rwth-aachen.de/global/show_document.asp?id=aaaaaaaaaatievj,25.10.2016,2016/132,1. Änderungsordnung (Gesamtfassung),
Ordnung für den Aachener Hochschulsport,https://www.rwth-aachen.de/global/show_document.asp?id=aaaaaaaaaatietk,25.10.2016,2016/131,Ordnung,
"Prüfungsordnung Chemie, Bachelor, (10/2010 s)",https://www.rwth-aachen.de/global/show_document.asp?id=aaaaaaaaaasunau,12.09.2016,2016/107,1. Änderungsordnung,31.03.2025
Richtlinie zur Vergabe von besonderen Leistungsbezügen in der W-Besoldung,https://www.rwth-aachen.de/global/show_document.asp?id=aaaaaaaaaasnupw,16.08.2016,2016/083,Richtlinie,
Fachschaftsordnung 5/4 Geographie und Wirtschaftsgeographie,https://www.rwth-aachen.de/global/show_document.asp?id=aaaaaaaaaasmkik,08.08.2016,2016/082,3. Änderungsordnung (Gesamtfassung),
Fachschaftsordnung 10/3 Logopädie,https://www.rwth-aachen.de/global/show_document.asp?id=aaaaaaaaaarqksj,25.05.2016,2016/046,Ordnung,
Habilitationsordnung Fakultät für Wirtschaftswissenschaften,https://www.rwth-aachen.de/global/show_document.asp?id=aaaaaaaaaariliv,28.04.2016,2016/038,2. Änderungsordnung (Gesamtfassung),
Geschäftsordnung des Dekanats der Medizinischen Fakultät der RWTH Aachen,https://www.rwth-aachen.de/global/show_document.asp?id=aaaaaaaaaaqnjsu,04.03.2016,2016/021,Ordnung,
Dauerbeschäftigungskonzept der RWTH,https://www.rwth-aachen.de/global/show_document.asp?id=aaaaaaaaaaqnjls,04.03.2016,2016/019,Richtlinie,
Leitlinie guter Beschäftigungsbedingungen für das Personal,https://www.rwth-aachen.de/global/show_document.asp?id=aaaaaaaaaaqnjkt,04.03.2016,2016/018,Richtlinie,
"Prüfungsordnung Physiotherapie, Bachelor, (09/2011)",https://www.rwth-aachen.de/global/show_document.asp?id=aaaaaaaaaaqnjht,04.03.2016,2016/017,1. Änderungsordnung,
"Änderung der Auswahlkriterien für das Auswahlverfahren in den örtlich zulassungsbeschränkten Bachelorstudiengängen, Mathematik (B.SC), Mathematik (LAB-GyGe), Mathematik (LAB-BK)",https://www.rwth-aachen.de/global/show_document.asp?id=aaaaaaaaaapzrzw,27.01.2016,2016/003,Ordnung,
Geschäftsordnung des Fachschaftsrates der Fachschaft 5/4 Geographie und Wirtschaftsgeographie,https://www.rwth-aachen.de/global/show_document.asp?id=aaaaaaaaaaplhaz,08.12.2015,2015/176,1. Änderungsordnung,
Ordnung zum Schutz personenbezogener Daten bei multimedialer Nutzung von E-Learning-Verfahren,https://www.rwth-aachen.de/global/show_document.asp?id=aaaaaaaaaaolwek,01.10.2015,2015/146,Ordnung,
"Prüfungsordnung Chemie, Bachelor, (10/2010 s)",https://www.rwth-aachen.de/global/show_document.asp?id=aaaaaaaaaasvfhs,16.09.2015,2015/143,Ordnung,31.03.2025
"Prüfungsordnung Sprach- und Kommunikationswissenschaft, Bachelor, (10/2015 s)",https://www.rwth-aachen.de/global/show_document.asp?id=aaaaaaaaaaoblmn,10.09.2015,2015/136,Ordnung,31.03.2027
Rahmenordnung zur Vergabe von Stipendien. Ergänzende Bestimmungen der AICES,https://www.rwth-aachen.de/global/show_document.asp?id=aaaaaaaaaantxoj,19.08.2015,2015/124,Ordnung,
Raumvergabe-Entgeltregelung,https://www.rwth-aachen.de/global/show_document.asp?id=aaaaaaaaaanplru,05.08.2015,2015/118,Ordnung,
"Prüfungsordnung Production Systems Engineering, Master, (10/2013)",https://www.rwth-aachen.de/global/show_document.asp?id=aaaaaaaaaalxqiu,16.03.2015,2015/045,3. Änderungsordnung,
Abgabensatzung,https://www.rwth-aachen.de/global/show_document.asp?id=aaaaaaaaaaltxis,03.03.2015,2015/025,3. Änderungsordnung (Gesamtfassung),
"Prüfungsordnung Redevelopment - Real Estate and Urban Management, Master, (10/2013)",https://www.rwth-aachen.de/global/show_document.asp?id=aaaaaaaaaakxjni,11.12.2014,2014/205,1. Änderungsordnung,
"Prüfungsordnung Production Systems Engineering, Master, (10/2013)",https://www.rwth-aachen.de/global/show_document.asp?id=aaaaaaaaaajwhcr,30.09.2014,2014/162,2. Änderungsordnung (Gesamtfassung),
Geschäftsordnung der zentralen Gruppenvertretung NWM,https://www.rwth-aachen.de/global/show_document.asp?id=aaaaaaaaaahmsbs,14.03.2014,2014/034,Ordnung,
Auswahlkriterien für das Auswahlverfahren in dem örtlich zulassungsbeschränkten Masterstudiengang Wirtschaftswissenschaft,https://www.rwth-aachen.de/global/show_document.asp?id=aaaaaaaaaaguemd,22.01.2014,2014/008,Ordnung,
Richtlinie zum Schutz vor Benachteiligungen nach dem Allgemeinen Gleichbehandlungsgesetz (AGG) der RWTH-Aachen,https://www.rwth-aachen.de/global/show_document.asp?id=aaaaaaaaaagnjkx,16.12.2013,2013/131,Richtlinie,
Rahmenordnung zur Vergabe von Stipendien,https://www.rwth-aachen.de/global/show_document.asp?id=aaaaaaaaaagdpbc,31.10.2013,2013/100,Ordnung,
Fachschaftsordnung 7/2 Lehramt,https://www.rwth-aachen.de/global/show_document.asp?id=aaaaaaaaaafqjfm,06.09.2013,2013/084,2. Änderungsordnung (Gesamtfassung),
"Prüfungsordnung Redevelopment - Real Estate and Urban Management, Master, (10/2013)",https://www.rwth-aachen.de/global/show_document.asp?id=aaaaaaaaaaficsf,23.07.2013,2013/080,Ordnung,
Raumvergabeordnung,https://www.rwth-aachen.de/global/show_document.asp?id=aaaaaaaaaafaxlp,17.06.2013,2013/052,2. Änderungsordnung (Gesamtfassung),
"Studienordnung Zahnmedizin, (04/2013)",https://www.rwth-aachen.de/global/show_document.asp?id=aaaaaaaaaaenihv,03.04.2013,2013/031,Ordnung,
Satzung des Studentenwerks Aachen,https://www.rwth-aachen.de/global/show_document.asp?id=aaaaaaaaaaegjql,27.02.2013,2013/019,Ordnung,
Habilitationsordnung Philosophische Fakultät,https://www.rwth-aachen.de/global/show_document.asp?id=aaaaaaaaaaaozey,04.01.2012,2012/002,Ordnung,
Richtlinie zur Stipendienvergabe der NRW-Stipendien im Rahmen des Bildungsfonds,https://www.rwth-aachen.de/global/show_document.asp?id=aaaaaaaaaaaozdm,29.09.2011,2011/134,Richtlinie,
"Prüfungsordnung Physiotherapie, Bachelor, (09/2011)",https://www.rwth-aachen.de/global/show_document.asp?id=aaaaaaaaaaaozcu,23.08.2011,2011/121,Ordnung,
Überlassungsordnung von Sportanlagen des Hochschulsportzentrums,https://www.rwth-aachen.de/global/show_document.asp?id=aaaaaaaaaaaozcf,11.08.2011,2011/107,Ordnung,
Fachschaftsordnung 2 Architektur,https://www.rwth-aachen.de/global/show_document.asp?id=aaaaaaaaaaaoyzb,29.04.2011,2011/046,Ordnung,
"Gebührenordnung, Hochschulbibliothek",https://www.rwth-aachen.de/global/show_document.asp?id=aaaaaaaaaaaoytw,14.10.2010,2010/079,Ordnung,
Netzordnung,https://www.rwth-aachen.de/global/show_document.asp?id=aaaaaaaaaaddfye,05.10.2010,2010/071,2. Änderungsordnung (Gesamtfassung),
"Netzordnung, Ausführungsbestimmungen",https://www.rwth-aachen.de/global/show_document.asp?id=aaaaaaaaaaddfxj,05.10.2010,2010/070,2. Änderungsordnung (Gesamtfassung),
Richtlinie zur Vergabe von UROP-Stipendien,https://www.rwth-aachen.de/global/show_document.asp?id=aaaaaaaaaaaoyrf,10.03.2010,2010/019,Richtlinie,
Verfahrensordnung zur Geschäftsordnung der zentralen Gruppenvertretung der NWM,https://www.rwth-aachen.de/global/show_document.asp?id=aaaaaaaaaaaoyqw,17.02.2010,2010/010,Ordnung,
Fachschaftsordnung 8 Wirtschaftswissenschaften,https://www.rwth-aachen.de/global/show_document.asp?id=aaaaaaaaaaayjkt,16.03.2009,2009/014,1. Änderungsordnung,
Richtlinie für die Exzellenzinitiative,https://www.rwth-aachen.de/global/show_document.asp?id=aaaaaaaaaaaoyid,18.07.2008,2008/072,Richtlinie,
"Ethik: Gebührenordnung Ethik-Kommission, Medizinischen Fakultät",https://www.rwth-aachen.de/global/show_document.asp?id=aaaaaaaaaaaoygq,25.03.2008,2008/033,Ordnung,
"Prüfungsordnung Life Science Informatics (Biologische Informatik) der Uni Bonn & RWTH Aachen, Master, (10/2003)",https://www.rwth-aachen.de/global/show_document.asp?id=aaaaaaaaaaaoygd,27.02.2008,2008/020,2. Änderungsordnung,
"Prüfungsordnung Life Science Informatics (Biologische Informatik) der Uni Bonn & RWTH Aachen, Master, (10/2003)",https://www.rwth-aachen.de/global/show_document.asp?id=aaaaaaaaaaaoygc,27.02.2008,2008/019,1. Änderungsordnung,
Geschäftsordnung der Fakultätenkonferenz,https://www.rwth-aachen.de/global/show_document.asp?id=aaaaaaaaaaaoyeu,14.12.2007,2007/106,Ordnung,
"Ordnung zur Verleihung ""Gastprofessorin"" bzw. ""Gastprofessor""",https://www.rwth-aachen.de/global/show_document.asp?id=aaaaaaaaaaaoyed,14.11.2007,2007/090,Ordnung,
Anordnung über die Übertragung der Widerspruchzuständigkeit,https://www.rwth-aachen.de/global/show_document.asp?id=aaaaaaaaaaaoybg,12.03.2007,2007/016,Ordnung,
"Studienordnung Medizin, Klinischer Abschnitt, (10/2003)",https://www.rwth-aachen.de/global/show_document.asp?id=aaaaaaaaaaaoyaw,25.01.2007,2007/006,2. Änderungsordnung,
"Benutzungsordnung, Bibliothek, Institut für Kunstgeschichte",https://www.rwth-aachen.de/global/show_document.asp?id=aaaaaaaaaaaoxza,31.07.2006,1107,1. Änderungsordnung,
"Studienordnung Medizin, Klinischer Abschnitt, (10/2003)",https://www.rwth-aachen.de/global/show_document.asp?id=aaaaaaaaaaaoxyi,04.04.2006,1089,1. Änderungsordnung (Gesamtfassung),
Parkplatzrahmenordnung (PpRO),https://www.rwth-aachen.de/global/show_document.asp?id=aaaaaaaaaaaoxvd,24.08.2005,1008,Ordnung,
"Studienordnung Communications Engineering, Master, (07/2003)",https://www.rwth-aachen.de/global/show_document.asp?id=aaaaaaaaaaaoxtd,04.03.2005,0956,2. Änderungsordnung,
"Benutzungsordnung, Bibliothek, Institut für Kunstgeschichte",https://www.rwth-aachen.de/global/show_document.asp?id=aaaaaaaaaaaoxsa,30.11.2004,0927,Ordnung,
Satzung Allgemeiner Stiftungsfond,https://www.rwth-aachen.de/global/show_document.asp?id=aaaaaaaaaaaoxrj,04.07.2006,0910,1. Änderungsordnung,
"Studienordnung Communications Engineering, Master, (07/2003)",https://www.rwth-aachen.de/global/show_document.asp?id=aaaaaaaaaaaoxqz,13.08.2004,0900,1. Änderungsordnung,
"Ordnung zur Verleihung des Grades Diplom-Wirtschaftslehrer/in (FB 1, FB 7 & FB 8)",https://www.rwth-aachen.de/global/show_document.asp?id=aaaaaaaaaaaoxps,11.05.2004,0868,Berichtigung der Ordnung,
"Ordnung zur Verleihung des Grades Diplom-Gewerbelehrer/in (FB 1, 2, 3, 4, 6,7)",https://www.rwth-aachen.de/global/show_document.asp?id=aaaaaaaaaaaoxoy,23.01.2004,0850,Ordnung,
"Ordnung zur Verleihung des Grades Diplom-Wirtschaftslehrer/in (FB 1, FB 7 & FB 8)",https://www.rwth-aachen.de/global/show_document.asp?id=aaaaaaaaaaaoxor,15.01.2004,0845,Ordnung,
Ordnung zur Verleihung des Grades Diplom-Gymnasiallehrer/in (FB 1 & FB 7),https://www.rwth-aachen.de/global/show_document.asp?id=aaaaaaaaaaaoxop,15.01.2004,0844,Ordnung,
Verwaltungsordnung der Fachbereichsbibliothek Wirtschaftswissenschaften,https://www.rwth-aachen.de/global/show_document.asp?id=aaaaaaaaaaaoxol,15.01.2004,0842,Ordnung,
"Prüfungsordnung Life Science Informatics (Biologische Informatik) der Uni Bonn & RWTH Aachen, Master, (10/2003)",https://www.rwth-aachen.de/global/show_document.asp?id=aaaaaaaaaaaoxnt,02.10.2003,0828,Ordnung,
"Studienordnung Communications Engineering, Master, (07/2003)",https://www.rwth-aachen.de/global/show_document.asp?id=aaaaaaaaaaaoxmt,04.07.2003,0806,Ordnung,
"Prüfungsordnung Elektrische Energietechnik, Master, (10/2002)",https://www.rwth-aachen.de/global/show_document.asp?id=aaaaaaaaaaaoxmk,04.07.2003,0797,Berichtigung der Ordnung,
AVV des Kanzlers über den Vollzug von Rechtsvorschriften des Arbeits- u. Umweltschutzes,https://www.rwth-aachen.de/global/show_document.asp?id=aaaaaaaaaaaoxft,11.10.2001,0650,Ordnung,
Wahlordnung zur Klinikumskonferenz,https://www.rwth-aachen.de/global/show_document.asp?id=aaaaaaaaaaaoxez,12.04.2001,0630,Ordnung,
Umbenennung der Fakultät für Bauingenieur- und Vermessungswesen,https://www.rwth-aachen.de/global/show_document.asp?id=aaaaaaaaaaaoxac,02.07.1999,0521,Sonstiges,
Umbenennung der Fakultät für Elektrotechnik,https://www.rwth-aachen.de/global/show_document.asp?id=aaaaaaaaaaaowzu,21.05.1999,0516,Sonstiges,
Umbenennung der Mathematisch-Naturwissenschaftlichen Fakultät,https://www.rwth-aachen.de/global/show_document.asp?id=aaaaaaaaaaaowzs,21.05.1999,0515,Sonstiges,
Benutzungsordnung des Gemeinschaftslabors für Elektronenmikroskopie (GfE) der RWTH-Aachen,https://www.rwth-aachen.de/global/show_document.asp?id=aaaaaaaaaaaowvr,08.03.1996,0441,Ordnung,
